
{
  "ID": 102,
  "Name": "Moon",
  "Class": "micdoodle8.mods.galacticraft.core.world.gen.BiomeFlatMoon",
  "Root Height": 1.5,
  "Height Variation": 0.4,
  "Top Block": "minecraft:grass",
  "Filler Block": "minecraft:dirt",
  "Grass Color": "Not set. Check in-game.",
  "Foliage Color": "Not set. Check in-game.",
  "Water Color": "16777215",
  "Temperature": 0.5,
  "Humidity": 0.0,
  "Water Tint": 16777215,
  "Enable Rain": true,
  "Enable Snow": false,
  "Dictionary Types": [
    "DEAD",
    "COLD",
    "DRY"
  ],
  "BiomeManager Entries": {},
  "Spawnable Creatures": [],
  "Spawnable Monsters": [
    {
      "Entity Class": "micdoodle8.mods.galacticraft.core.entities.EntityEvolvedZombie",
      "Weight": 8,
      "Min Group Count": 2,
      "Max Group Count": 3
    },
    {
      "Entity Class": "micdoodle8.mods.galacticraft.core.entities.EntityEvolvedSpider",
      "Weight": 8,
      "Min Group Count": 2,
      "Max Group Count": 3
    },
    {
      "Entity Class": "micdoodle8.mods.galacticraft.core.entities.EntityEvolvedSkeleton",
      "Weight": 8,
      "Min Group Count": 2,
      "Max Group Count": 3
    },
    {
      "Entity Class": "micdoodle8.mods.galacticraft.core.entities.EntityEvolvedCreeper",
      "Weight": 8,
      "Min Group Count": 2,
      "Max Group Count": 3
    },
    {
      "Entity Class": "micdoodle8.mods.galacticraft.core.entities.EntityEvolvedEnderman",
      "Weight": 10,
      "Min Group Count": 1,
      "Max Group Count": 4
    }
  ],
  "Spawnable Water Creatures": [],
  "Spawnable Cave Creatures": [],
  "Spawn Biome": false,
  "Tweaked": false
}