{
  "0": {
    "minKills": 0,
    "maxKills": 99,
    "checkPlayer": true,
    "checkLight": false,
    "checkRedstone": false,
    "spawnAmount": 0,
    "cooldown": 0
  },
  "1": {
    "minKills": 100,
    "maxKills": 149,
    "checkPlayer": true,
    "checkLight": true,
    "checkRedstone": false,
    "spawnAmount": 1,
    "cooldown": 30
  },
  "2": {
    "minKills": 150,
    "maxKills": 299,
    "checkPlayer": true,
    "checkLight": true,
    "checkRedstone": false,
    "spawnAmount": 2,
    "cooldown": 25
  },
  "3": {
    "minKills": 300,
    "maxKills": 599,
    "checkPlayer": false,
    "checkLight": true,
    "checkRedstone": false,
    "spawnAmount": 3,
    "cooldown": 20
  },
  "4": {
    "minKills": 600,
    "maxKills": 1199,
    "checkPlayer": false,
    "checkLight": true,
    "checkRedstone": false,
    "spawnAmount": 4,
    "cooldown": 15
  },
  "5": {
    "minKills": 1200,
    "maxKills": 1200,
    "checkPlayer": false,
    "checkLight": false,
    "checkRedstone": true,
    "spawnAmount": 5,
    "cooldown": 10
  }
}
