<!-- =================================================================
     Custom Ore Generation "Mariculture" Module: This configuration
     covers bauxite, copper, and mountain copper.
     ================================================================= -->


<!-- Configuration by Reteo. -->




<!-- Is the "Mariculture" mod on the system?  Let's find out! -->
<IfModInstalled name="Mariculture">

  <!-- Starting Configuration for Custom Ore Generation. -->
  <ConfigSection>





    <!-- Setup Screen Configuration -->
    <ConfigSection>
      <OptionDisplayGroup name='groupMariculture' displayName='Mariculture' displayState='shown'>
        <Description>
          Distribution options for Mariculture Ores.
        </Description>
      </OptionDisplayGroup>
      <OptionChoice name='enableMariculture' displayName='Handle Mariculture Setup?' default='true' displayState='shown_dynamic' displayGroup='groupMariculture'>
        <Description> Should Custom Ore Generation handle Mariculture ore generation? </Description>
        <Choice value=':= ?true' displayValue='Yes' description='Use Custom Ore Generation to handle Mariculture ores.'/>
        <Choice value=':= ?false' displayValue='No' description='Mariculture ores will be handled by Minecraft directly.'/>
      </OptionChoice>
      <OptionChoice name='cleanUpMariculture' displayName='Use Mariculture Cleanup?' default='true' displayState=':= if(?enableMariculture, "shown", "hidden")' displayGroup='groupMariculture'>
        <Description> Should Custom Ore Generation use the Substitution Pass to remove all instances of Mariculture ore from the world?  If the mod's oregen can be turned off in its configuration, then it's recommended to do so, as the substitution pass can slow the game significantly.  If this option is disabled without disabling the mod's own ore generation, you'll end up with two oregens working at once, flooding the world with ore.  Enabled by default to ensure the ores are completely removed. </Description>
        <Choice value=':= ?true' displayValue='Yes' description='Use the substitution pass to clean up Mariculture ores.'/>
        <Choice value=':= ?false' displayValue='No' description='Mariculture ores do not need to be cleaned up by a substitution pass.'/>
      </OptionChoice>

      <!-- Bauxite Configuration UI Starting -->
      <ConfigSection>
        <OptionChoice name='mrclBauxiteDist'  displayState=':= if(?enableMariculture, "shown", "hidden")' displayGroup='groupMariculture'>
          <Description> Controls how Bauxite is generated </Description>
          <DisplayName>Mariculture Bauxite</DisplayName>
          <IfCondition condition=':= (?blockExists("Mariculture:rocks:2")) '>

          <Choice value='LayeredVeins' displayValue='Layered Veins'>
            <Description>
              Small, fairly rare motherlodes with 2-4 horizontal veins each.
            </Description>
          </Choice>
          </IfCondition>

          <IfCondition condition=':= (?blockExists("Mariculture:rocks:2")) '>

          <Choice value='StrategicClouds' displayValue='Strategic Clouds'>
            <Description>
              Large irregular clouds filled lightly with ore.
            </Description>
          </Choice>
          </IfCondition>

          <IfCondition condition=':= (?blockExists("Mariculture:rocks:2")) '>

          <Choice value='Vanilla' displayValue='Vanilla'>
            <Description>
              Simulates Vanilla Minecraft.
            </Description>
          </Choice>
          </IfCondition>

          <Choice value='none' displayValue='None' description='Bauxite is not generated in the world.'/>
        </OptionChoice>
        <OptionNumeric name='mrclBauxiteFreq' default='1'  min='0' max='5' displayState=':= if(?enableMariculture, if(?advOptions, "shown", "hidden"), "hidden")' displayGroup='groupMariculture'>
          <Description> Frequency multiplier for Mariculture Bauxite distributions </Description>
          <DisplayName>Mariculture Bauxite Freq.</DisplayName>
        </OptionNumeric>
        <OptionNumeric name='mrclBauxiteSize' default='1'  min='0' max='5' displayState=':= if(?enableMariculture, if(?advOptions, "shown", "hidden"), "hidden")' displayGroup='groupMariculture'>
          <Description> Size multiplier for Mariculture Bauxite distributions </Description>
          <DisplayName>Mariculture Bauxite Size</DisplayName>
        </OptionNumeric>
      </ConfigSection>
      <!-- Bauxite Configuration UI Complete -->


      <!-- Copper Configuration UI Starting -->
      <ConfigSection>
        <OptionChoice name='mrclCopperDist'  displayState=':= if(?enableMariculture, "shown", "hidden")' displayGroup='groupMariculture'>
          <Description> Controls how Copper is generated </Description>
          <DisplayName>Mariculture Copper</DisplayName>
          <IfCondition condition=':= (?blockExists("Mariculture:rocks:1")) '>

          <Choice value='LayeredVeins' displayValue='Layered Veins'>
            <Description>
              Small, fairly rare motherlodes with 2-4 horizontal veins each.
            </Description>
          </Choice>
          </IfCondition>

          <IfCondition condition=':= (?blockExists("Mariculture:rocks:1")) '>

          <Choice value='StrategicClouds' displayValue='Strategic Clouds'>
            <Description>
              Large irregular clouds filled lightly with ore.
            </Description>
          </Choice>
          </IfCondition>

          <IfCondition condition=':= (?blockExists("Mariculture:rocks:1")) '>

          <Choice value='Vanilla' displayValue='Vanilla'>
            <Description>
              Simulates Vanilla Minecraft.
            </Description>
          </Choice>
          </IfCondition>

          <Choice value='none' displayValue='None' description='Copper is not generated in the world.'/>
        </OptionChoice>
        <OptionNumeric name='mrclCopperFreq' default='1'  min='0' max='5' displayState=':= if(?enableMariculture, if(?advOptions, "shown", "hidden"), "hidden")' displayGroup='groupMariculture'>
          <Description> Frequency multiplier for Mariculture Copper distributions </Description>
          <DisplayName>Mariculture Copper Freq.</DisplayName>
        </OptionNumeric>
        <OptionNumeric name='mrclCopperSize' default='1'  min='0' max='5' displayState=':= if(?enableMariculture, if(?advOptions, "shown", "hidden"), "hidden")' displayGroup='groupMariculture'>
          <Description> Size multiplier for Mariculture Copper distributions </Description>
          <DisplayName>Mariculture Copper Size</DisplayName>
        </OptionNumeric>
      </ConfigSection>
      <!-- Copper Configuration UI Complete -->


      <!-- Mountain Copper Configuration UI Starting -->
      <ConfigSection>
        <OptionChoice name='mrclMountainCopperDist'  displayState=':= if(?enableMariculture, "shown", "hidden")' displayGroup='groupMariculture'>
          <Description> Controls how Mountain Copper is generated </Description>
          <DisplayName>Mariculture Mountain Copper</DisplayName>
          <IfCondition condition=':= (?blockExists("Mariculture:rocks:1")) '>

          <Choice value='LayeredVeins' displayValue='Layered Veins'>
            <Description>
              Small, fairly rare motherlodes with 2-4 horizontal veins each.
            </Description>
          </Choice>
          </IfCondition>

          <IfCondition condition=':= (?blockExists("Mariculture:rocks:1")) '>

          <Choice value='StrategicClouds' displayValue='Strategic Clouds'>
            <Description>
              Large irregular clouds filled lightly with ore.
            </Description>
          </Choice>
          </IfCondition>

          <IfCondition condition=':= (?blockExists("Mariculture:rocks:1")) '>

          <Choice value='Vanilla' displayValue='Vanilla'>
            <Description>
              Simulates Vanilla Minecraft.
            </Description>
          </Choice>
          </IfCondition>

          <Choice value='none' displayValue='None' description='Mountain Copper is not generated in the world.'/>
        </OptionChoice>
        <OptionNumeric name='mrclMountainCopperFreq' default='1'  min='0' max='5' displayState=':= if(?enableMariculture, if(?advOptions, "shown", "hidden"), "hidden")' displayGroup='groupMariculture'>
          <Description> Frequency multiplier for Mariculture Mountain Copper distributions </Description>
          <DisplayName>Mariculture Mountain Copper Freq.</DisplayName>
        </OptionNumeric>
        <OptionNumeric name='mrclMountainCopperSize' default='1'  min='0' max='5' displayState=':= if(?enableMariculture, if(?advOptions, "shown", "hidden"), "hidden")' displayGroup='groupMariculture'>
          <Description> Size multiplier for Mariculture Mountain Copper distributions </Description>
          <DisplayName>Mariculture Mountain Copper Size</DisplayName>
        </OptionNumeric>
      </ConfigSection>
      <!-- Mountain Copper Configuration UI Complete -->

    </ConfigSection>
    <!-- Setup Screen Complete -->

    <IfCondition condition=':= ?enableMariculture'>




      <!-- Overworld Setup Beginning -->

      <IfCondition condition=':= ?COGActive'>

        <!-- Starting Original "Overworld" Block Removal -->

        <IfCondition condition=':= ?cleanUpMariculture'>
          <IfCondition condition=':= ?blockExists("minecraft:stone")'>
            <Substitute name='mrclOverworldBlockSubstitute0' block='minecraft:stone'>
              <Description>
                Replace vanilla-generated ore clusters.
              </Description>
              <Comment>
                The global option  deferredPopulationRange must be
                large enough to catch all ore  clusters (>= 32).
              </Comment>
              <Replaces block='Mariculture:rocks:1' weight='1.0' />
              <Replaces block='Mariculture:rocks:2' weight='1.0' />
            </Substitute>
          </IfCondition>
        </IfCondition>

        <!-- Original "Overworld" Block Removal Complete -->

        <!-- Adding blocks -->

        <!-- Begin Bauxite Generation -->

        <!-- Starting LayeredVeins Preset for Bauxite. -->
        <ConfigSection>
          <IfCondition condition=':= mrclBauxiteDist = "LayeredVeins"'>
            <Veins name='mrclBauxiteVeins'  inherits='PresetLayeredVeins' branchType='Bezier' drawWireframe=':= drawWireframes' wireframeColor='0x60A3744B' drawBoundBox='false' boundBoxColor='0x60A3744B'>
              <Description>
                Small, fairly rare motherlodes  with 2-4 horizontal
                veins each.
              </Description>
              <OreBlock block='Mariculture:rocks:2' weight='1.0' />
              <ReplacesOre block='stone' weight='1.0' />
              <Biome name='.*'  />
              <Setting name='MotherlodeFrequency' avg=':= 2.002 * _default_ * mrclBauxiteFreq ' range=':= 2.002 * _default_ * mrclBauxiteFreq ' type='normal' scaleTo='base' />
              <Setting name='MotherlodeSize' avg=':= 1.123 * _default_ * mrclBauxiteSize ' range=':= 1.123 * _default_ * mrclBauxiteSize ' type='normal' />
              <Setting name='MotherlodeHeight' avg=':= 96 ' range=':= 32 ' type='uniform' scaleTo='base' />
              <Setting name='MotherlodeRangeLimit' avg=':= _default_ ' range=':= _default_ ' type='normal' />
              <Setting name='BranchFrequency' avg=':= _default_ ' range=':= _default_ ' type='normal' />
              <Setting name='BranchInclination' avg=':= _default_ ' range=':= _default_ ' type='normal' />
              <Setting name='BranchLength' avg=':= 1.415 * _default_ ' range=':= 1.415 * _default_ ' type='normal' />
              <Setting name='BranchHeightLimit' avg=':= _default_ ' range=':= _default_ ' type='normal' scaleTo='base' />
              <Setting name='SegmentForkFrequency' avg=':= _default_ ' range=':= _default_ ' type='normal' />
              <Setting name='SegmentForkLengthMult' avg=':= _default_ ' range=':= _default_ ' type='normal' />
              <Setting name='SegmentLength' avg=':= _default_ * mrclBauxiteSize ' range=':= _default_ * mrclBauxiteSize ' type='normal' />
              <Setting name='SegmentAngle' avg=':= _default_ ' range=':= _default_ ' type='normal' />
              <Setting name='SegmentPitch' avg=':= _default_ ' range=':= _default_ ' type='normal' />
              <Setting name='SegmentRadius' avg=':= 1.189 * _default_ * mrclBauxiteSize ' range=':= 1.189 * _default_ * mrclBauxiteSize ' type='normal' />
              <Setting name='OreDensity' avg=':= _default_ ' range=':= _default_ ' type='normal' />
              <Setting name='OreRadiusMult' avg=':= _default_ ' range=':= _default_ ' type='normal' />
            </Veins>
          </IfCondition>
        </ConfigSection>
        <!-- LayeredVeins Preset for Bauxite is complete. -->


        <!-- Starting StrategicClouds Preset for Bauxite. -->
        <ConfigSection>
          <IfCondition condition=':= mrclBauxiteDist = "StrategicClouds"'>
            <Cloud name='mrclBauxiteCloud'  inherits='PresetStrategicCloud' drawWireframe=':= drawWireframes' wireframeColor='0x60A3744B' drawBoundBox='false' boundBoxColor='0x60A3744B'>
              <Description>
                Large irregular clouds filled  lightly with ore.
                These are  huge, spanning several adjacent  chunks,
                and consequently rather  rare.  They contain a
                sizeable  amount of ore, but it takes some  time and
                effort to mine due to  low density. The intent for
                strategic clouds is that the  player will need to
                actively  search for one and then set up a  semi-
                permanent mining base and  spend some time actually
                mining  the ore.
              </Description>
              <OreBlock block='Mariculture:rocks:2' weight='1.0' />
              <ReplacesOre block='stone' weight='1.0' />
              <Biome name='.*'  />
              <Setting name='CloudRadius' avg=':= 1.512 * _default_ * mrclBauxiteSize ' range=':= 1.512 * _default_ * mrclBauxiteSize ' type='normal' />
              <Setting name='CloudThickness' avg=':= 1.512 * _default_ * mrclBauxiteSize ' range=':= 1.512 * _default_ * mrclBauxiteSize ' type='normal' scaleTo='base' />
              <Setting name='DistributionFrequency' avg=':= 2.286 * _default_ * mrclBauxiteFreq ' range=':= 2.286 * _default_ * mrclBauxiteFreq ' type='normal' scaleTo='base' />
              <Setting name='CloudHeight' avg=':= 96 ' range=':= 32 ' type='uniform' scaleTo='base' />
              <Setting name='ParentRangeLimit' avg=':= _default_ ' range=':= _default_ ' type='normal' />
              <Setting name='CloudSizeNoise' avg=':= _default_ ' range=':= _default_ ' type='normal' />
              <Setting name='CloudInclination' avg=':= _default_ ' range=':= _default_ ' type='normal' />
              <Setting name='OreDensity' avg=':= _default_ ' range=':= _default_ ' type='normal' scaleTo='base' />
              <Setting name='OreVolumeNoiseCutoff' avg=':= _default_ ' range=':= _default_ ' type='normal' />
              <Setting name='OreRadiusMult' avg=':= _default_ ' range=':= _default_ ' type='normal' />
              <Veins name='mrclBauxiteHintVeins' branchType='Bezier'  inherits='PresetHintVeins' drawWireframe=':= drawWireframes' wireframeColor='0x60A3744B' drawBoundBox='false' boundBoxColor='0x60A3744B'>
                <Description>
                  Single blocks, generously  scattered through all
                  heights  (density is about that of  vanilla iron
                  ore). They will  replace dirt and sandstone  (but
                  not grass or sand), so  they can be found nearer to
                  the surface than most ores.  Intened to be used as a
                  child  distribution for large, rare  strategic
                  deposits that would  otherwise be very difficult  to
                  find.  Note that the  frequency is multiplied by
                  ground level to maintain a  constant density, but
                  not by  ore frequency because it is  assumed that
                  the frequency of  the parent distribution will
                  already be scaled by that.
                </Description>
                <OreBlock block='Mariculture:rocks:2' weight='1.0' />
                <Replaces block='minecraft:dirt' weight='1.0' />
                <Replaces block='minecraft:sandstone' weight='1.0' />
                <ReplacesOre block='stone' weight='1.0' />
                <Replaces block='minecraft:gravel' weight='1.0' />
                <Setting name='MotherlodeFrequency' avg=':= 2.002 * _default_ * mrclBauxiteFreq  * 0.1 ' range=':= 2.002 * _default_ * mrclBauxiteFreq  * 0.1 ' type='normal' scaleTo='base' />
              </Veins>
            </Cloud>
          </IfCondition>
        </ConfigSection>
        <!-- StrategicClouds Preset for Bauxite is complete. -->


        <!-- Starting Vanilla Preset for Bauxite. -->
        <ConfigSection>
          <IfCondition condition=':= mrclBauxiteDist = "Vanilla"'>
            <StandardGen name='mrclBauxiteStandard'  inherits='PresetStandardGen' drawWireframe=':= drawWireframes' wireframeColor='0x60A3744B' drawBoundBox='false' boundBoxColor='0x60A3744B'>
              <Description>
                A master preset for standardgen  ore distributions.
              </Description>
              <OreBlock block='Mariculture:rocks:2' weight='1.0' />
              <ReplacesOre block='stone' weight='1.0' />
              <Biome name='.*'  />
              <Setting name='Size' avg=':= 5.333 * oreSize * mrclBauxiteSize ' range=':= 2.67 * oreSize * mrclBauxiteSize ' type='normal' />
              <Setting name='Frequency' avg=':= 10.667 * oreFreq * mrclBauxiteFreq ' range=':= 5.33 * oreFreq * mrclBauxiteFreq ' type='normal' scaleTo='base' />
              <Setting name='Height' avg=':= 96 ' range=':= 32 ' type='uniform' scaleTo='base' />
              <Setting name='ParentRangeLimit' avg=':= _default_ ' range=':= _default_ ' type='normal' />
            </StandardGen>
          </IfCondition>
        </ConfigSection>
        <!-- Vanilla Preset for Bauxite is complete. -->

        <!-- End Bauxite Generation -->


        <!-- Begin Copper Generation -->

        <!-- Starting LayeredVeins Preset for Copper. -->
        <ConfigSection>
          <IfCondition condition=':= mrclCopperDist = "LayeredVeins"'>
            <Veins name='mrclCopperVeins'  inherits='PresetLayeredVeins' branchType='Bezier' drawWireframe=':= drawWireframes' wireframeColor='0x60C85432' drawBoundBox='false' boundBoxColor='0x60C85432'>
              <Description>
                Small, fairly rare motherlodes  with 2-4 horizontal
                veins each.
              </Description>
              <OreBlock block='Mariculture:rocks:1' weight='1.0' />
              <ReplacesOre block='stone' weight='1.0' />
              <Biome name='.*'  />
              <Setting name='MotherlodeFrequency' avg=':= 1.371 * _default_ * mrclCopperFreq ' range=':= 1.371 * _default_ * mrclCopperFreq ' type='normal' scaleTo='base' />
              <Setting name='MotherlodeSize' avg=':= 1.054 * _default_ * mrclCopperSize ' range=':= 1.054 * _default_ * mrclCopperSize ' type='normal' />
              <Setting name='MotherlodeHeight' avg=':= 32.5 ' range=':= 31.5 ' type='normal' scaleTo='base' />
              <Setting name='MotherlodeRangeLimit' avg=':= _default_ ' range=':= _default_ ' type='normal' />
              <Setting name='BranchFrequency' avg=':= _default_ ' range=':= _default_ ' type='normal' />
              <Setting name='BranchInclination' avg=':= _default_ ' range=':= _default_ ' type='normal' />
              <Setting name='BranchLength' avg=':= 1.171 * _default_ ' range=':= 1.171 * _default_ ' type='normal' />
              <Setting name='BranchHeightLimit' avg=':= _default_ ' range=':= _default_ ' type='normal' scaleTo='base' />
              <Setting name='SegmentForkFrequency' avg=':= _default_ ' range=':= _default_ ' type='normal' />
              <Setting name='SegmentForkLengthMult' avg=':= _default_ ' range=':= _default_ ' type='normal' />
              <Setting name='SegmentLength' avg=':= _default_ * mrclCopperSize ' range=':= _default_ * mrclCopperSize ' type='normal' />
              <Setting name='SegmentAngle' avg=':= _default_ ' range=':= _default_ ' type='normal' />
              <Setting name='SegmentPitch' avg=':= _default_ ' range=':= _default_ ' type='normal' />
              <Setting name='SegmentRadius' avg=':= 1.082 * _default_ * mrclCopperSize ' range=':= 1.082 * _default_ * mrclCopperSize ' type='normal' />
              <Setting name='OreDensity' avg=':= _default_ ' range=':= _default_ ' type='normal' />
              <Setting name='OreRadiusMult' avg=':= _default_ ' range=':= _default_ ' type='normal' />
            </Veins>
          </IfCondition>
        </ConfigSection>
        <!-- LayeredVeins Preset for Copper is complete. -->


        <!-- Starting StrategicClouds Preset for Copper. -->
        <ConfigSection>
          <IfCondition condition=':= mrclCopperDist = "StrategicClouds"'>
            <Cloud name='mrclCopperCloud'  inherits='PresetStrategicCloud' drawWireframe=':= drawWireframes' wireframeColor='0x60C85432' drawBoundBox='false' boundBoxColor='0x60C85432'>
              <Description>
                Large irregular clouds filled  lightly with ore.
                These are  huge, spanning several adjacent  chunks,
                and consequently rather  rare.  They contain a
                sizeable  amount of ore, but it takes some  time and
                effort to mine due to  low density. The intent for
                strategic clouds is that the  player will need to
                actively  search for one and then set up a  semi-
                permanent mining base and  spend some time actually
                mining  the ore.
              </Description>
              <OreBlock block='Mariculture:rocks:1' weight='1.0' />
              <ReplacesOre block='stone' weight='1.0' />
              <Biome name='.*'  />
              <Setting name='CloudRadius' avg=':= 1.251 * _default_ * mrclCopperSize ' range=':= 1.251 * _default_ * mrclCopperSize ' type='normal' />
              <Setting name='CloudThickness' avg=':= 1.251 * _default_ * mrclCopperSize ' range=':= 1.251 * _default_ * mrclCopperSize ' type='normal' scaleTo='base' />
              <Setting name='DistributionFrequency' avg=':= 1.565 * _default_ * mrclCopperFreq ' range=':= 1.565 * _default_ * mrclCopperFreq ' type='normal' scaleTo='base' />
              <Setting name='CloudHeight' avg=':= 32.5 ' range=':= 31.5 ' type='normal' scaleTo='base' />
              <Setting name='ParentRangeLimit' avg=':= _default_ ' range=':= _default_ ' type='normal' />
              <Setting name='CloudSizeNoise' avg=':= _default_ ' range=':= _default_ ' type='normal' />
              <Setting name='CloudInclination' avg=':= _default_ ' range=':= _default_ ' type='normal' />
              <Setting name='OreDensity' avg=':= _default_ ' range=':= _default_ ' type='normal' scaleTo='base' />
              <Setting name='OreVolumeNoiseCutoff' avg=':= _default_ ' range=':= _default_ ' type='normal' />
              <Setting name='OreRadiusMult' avg=':= _default_ ' range=':= _default_ ' type='normal' />
              <Veins name='mrclCopperHintVeins' branchType='Bezier'  inherits='PresetHintVeins' drawWireframe=':= drawWireframes' wireframeColor='0x60C85432' drawBoundBox='false' boundBoxColor='0x60C85432'>
                <Description>
                  Single blocks, generously  scattered through all
                  heights  (density is about that of  vanilla iron
                  ore). They will  replace dirt and sandstone  (but
                  not grass or sand), so  they can be found nearer to
                  the surface than most ores.  Intened to be used as a
                  child  distribution for large, rare  strategic
                  deposits that would  otherwise be very difficult  to
                  find.  Note that the  frequency is multiplied by
                  ground level to maintain a  constant density, but
                  not by  ore frequency because it is  assumed that
                  the frequency of  the parent distribution will
                  already be scaled by that.
                </Description>
                <OreBlock block='Mariculture:rocks:1' weight='1.0' />
                <Replaces block='minecraft:dirt' weight='1.0' />
                <Replaces block='minecraft:sandstone' weight='1.0' />
                <ReplacesOre block='stone' weight='1.0' />
                <Replaces block='minecraft:gravel' weight='1.0' />
                <Setting name='MotherlodeFrequency' avg=':= 1.371 * _default_ * mrclCopperFreq  * 0.1 ' range=':= 1.371 * _default_ * mrclCopperFreq  * 0.1 ' type='normal' scaleTo='base' />
              </Veins>
            </Cloud>
          </IfCondition>
        </ConfigSection>
        <!-- StrategicClouds Preset for Copper is complete. -->


        <!-- Starting Vanilla Preset for Copper. -->
        <ConfigSection>
          <IfCondition condition=':= mrclCopperDist = "Vanilla"'>
            <StandardGen name='mrclCopperStandard'  inherits='PresetStandardGen' drawWireframe=':= drawWireframes' wireframeColor='0x60C85432' drawBoundBox='false' boundBoxColor='0x60C85432'>
              <Description>
                A master preset for standardgen  ore distributions.
              </Description>
              <OreBlock block='Mariculture:rocks:1' weight='1.0' />
              <ReplacesOre block='stone' weight='1.0' />
              <Biome name='.*'  />
              <Setting name='Size' avg=':= 3.333 * oreSize * mrclCopperSize ' range=':= 1.67 * oreSize * mrclCopperSize ' type='normal' />
              <Setting name='Frequency' avg=':= 8.0 * oreFreq * mrclCopperFreq ' range=':= 4.0 * oreFreq * mrclCopperFreq ' type='normal' scaleTo='base' />
              <Setting name='Height' avg=':= 32.5 ' range=':= 31.5 ' type='normal' scaleTo='base' />
              <Setting name='ParentRangeLimit' avg=':= _default_ ' range=':= _default_ ' type='normal' />
            </StandardGen>
          </IfCondition>
        </ConfigSection>
        <!-- Vanilla Preset for Copper is complete. -->

        <!-- End Copper Generation -->


        <!-- Begin Mountain Copper Generation -->

        <!-- Starting LayeredVeins Preset for Mountain Copper. -->
        <ConfigSection>
          <IfCondition condition=':= mrclMountainCopperDist = "LayeredVeins"'>
            <Veins name='mrclMountainCopperVeins'  inherits='PresetLayeredVeins' branchType='Bezier' drawWireframe=':= drawWireframes' wireframeColor='0x60C85432' drawBoundBox='false' boundBoxColor='0x60C85432'>
              <Description>
                Small, fairly rare motherlodes  with 2-4 horizontal
                veins each.
              </Description>
              <OreBlock block='Mariculture:rocks:1' weight='1.0' />
              <ReplacesOre block='stone' weight='1.0' />
              <BiomeType name='Mountain'  />
              <Setting name='MotherlodeFrequency' avg=':= 1.371 * _default_ * mrclMountainCopperFreq ' range=':= 1.371 * _default_ * mrclMountainCopperFreq ' type='normal' scaleTo='base' />
              <Setting name='MotherlodeSize' avg=':= 1.054 * _default_ * mrclMountainCopperSize ' range=':= 1.054 * _default_ * mrclMountainCopperSize ' type='normal' />
              <Setting name='MotherlodeHeight' avg=':= 161.5 ' range=':= 94.5 ' type='normal' scaleTo='base' />
              <Setting name='MotherlodeRangeLimit' avg=':= _default_ ' range=':= _default_ ' type='normal' />
              <Setting name='BranchFrequency' avg=':= _default_ ' range=':= _default_ ' type='normal' />
              <Setting name='BranchInclination' avg=':= _default_ ' range=':= _default_ ' type='normal' />
              <Setting name='BranchLength' avg=':= 1.171 * _default_ ' range=':= 1.171 * _default_ ' type='normal' />
              <Setting name='BranchHeightLimit' avg=':= _default_ ' range=':= _default_ ' type='normal' scaleTo='base' />
              <Setting name='SegmentForkFrequency' avg=':= _default_ ' range=':= _default_ ' type='normal' />
              <Setting name='SegmentForkLengthMult' avg=':= _default_ ' range=':= _default_ ' type='normal' />
              <Setting name='SegmentLength' avg=':= _default_ * mrclMountainCopperSize ' range=':= _default_ * mrclMountainCopperSize ' type='normal' />
              <Setting name='SegmentAngle' avg=':= _default_ ' range=':= _default_ ' type='normal' />
              <Setting name='SegmentPitch' avg=':= _default_ ' range=':= _default_ ' type='normal' />
              <Setting name='SegmentRadius' avg=':= 1.082 * _default_ * mrclMountainCopperSize ' range=':= 1.082 * _default_ * mrclMountainCopperSize ' type='normal' />
              <Setting name='OreDensity' avg=':= _default_ ' range=':= _default_ ' type='normal' />
              <Setting name='OreRadiusMult' avg=':= _default_ ' range=':= _default_ ' type='normal' />
            </Veins>
          </IfCondition>
        </ConfigSection>
        <!-- LayeredVeins Preset for Mountain Copper is  complete. -->


        <!-- Starting StrategicClouds Preset for Mountain  Copper. -->
        <ConfigSection>
          <IfCondition condition=':= mrclMountainCopperDist = "StrategicClouds"'>
            <Cloud name='mrclMountainCopperCloud'  inherits='PresetStrategicCloud' drawWireframe=':= drawWireframes' wireframeColor='0x60C85432' drawBoundBox='false' boundBoxColor='0x60C85432'>
              <Description>
                Large irregular clouds filled  lightly with ore.
                These are  huge, spanning several adjacent  chunks,
                and consequently rather  rare.  They contain a
                sizeable  amount of ore, but it takes some  time and
                effort to mine due to  low density. The intent for
                strategic clouds is that the  player will need to
                actively  search for one and then set up a  semi-
                permanent mining base and  spend some time actually
                mining  the ore.
              </Description>
              <OreBlock block='Mariculture:rocks:1' weight='1.0' />
              <ReplacesOre block='stone' weight='1.0' />
              <BiomeType name='Mountain'  />
              <Setting name='CloudRadius' avg=':= 1.251 * _default_ * mrclMountainCopperSize ' range=':= 1.251 * _default_ * mrclMountainCopperSize ' type='normal' />
              <Setting name='CloudThickness' avg=':= 1.251 * _default_ * mrclMountainCopperSize ' range=':= 1.251 * _default_ * mrclMountainCopperSize ' type='normal' scaleTo='base' />
              <Setting name='DistributionFrequency' avg=':= 1.565 * _default_ * mrclMountainCopperFreq ' range=':= 1.565 * _default_ * mrclMountainCopperFreq ' type='normal' scaleTo='base' />
              <Setting name='CloudHeight' avg=':= 161.5 ' range=':= 94.5 ' type='normal' scaleTo='base' />
              <Setting name='ParentRangeLimit' avg=':= _default_ ' range=':= _default_ ' type='normal' />
              <Setting name='CloudSizeNoise' avg=':= _default_ ' range=':= _default_ ' type='normal' />
              <Setting name='CloudInclination' avg=':= _default_ ' range=':= _default_ ' type='normal' />
              <Setting name='OreDensity' avg=':= _default_ ' range=':= _default_ ' type='normal' scaleTo='base' />
              <Setting name='OreVolumeNoiseCutoff' avg=':= _default_ ' range=':= _default_ ' type='normal' />
              <Setting name='OreRadiusMult' avg=':= _default_ ' range=':= _default_ ' type='normal' />
              <Veins name='mrclMountainCopperHintVeins' branchType='Bezier'  inherits='PresetHintVeins' drawWireframe=':= drawWireframes' wireframeColor='0x60C85432' drawBoundBox='false' boundBoxColor='0x60C85432'>
                <Description>
                  Single blocks, generously  scattered through all
                  heights  (density is about that of  vanilla iron
                  ore). They will  replace dirt and sandstone  (but
                  not grass or sand), so  they can be found nearer to
                  the surface than most ores.  Intened to be used as a
                  child  distribution for large, rare  strategic
                  deposits that would  otherwise be very difficult  to
                  find.  Note that the  frequency is multiplied by
                  ground level to maintain a  constant density, but
                  not by  ore frequency because it is  assumed that
                  the frequency of  the parent distribution will
                  already be scaled by that.
                </Description>
                <OreBlock block='Mariculture:rocks:1' weight='1.0' />
                <Replaces block='minecraft:dirt' weight='1.0' />
                <Replaces block='minecraft:sandstone' weight='1.0' />
                <ReplacesOre block='stone' weight='1.0' />
                <Replaces block='minecraft:gravel' weight='1.0' />
                <Setting name='MotherlodeFrequency' avg=':= 1.371 * _default_ * mrclMountainCopperFreq  * 0.1 ' range=':= 1.371 * _default_ * mrclMountainCopperFreq  * 0.1 ' type='normal' scaleTo='base' />
              </Veins>
            </Cloud>
          </IfCondition>
        </ConfigSection>
        <!-- StrategicClouds Preset for Mountain Copper is  complete. -->


        <!-- Starting Vanilla Preset for Mountain Copper. -->
        <ConfigSection>
          <IfCondition condition=':= mrclMountainCopperDist = "Vanilla"'>
            <StandardGen name='mrclMountainCopperStandard'  inherits='PresetStandardGen' drawWireframe=':= drawWireframes' wireframeColor='0x60C85432' drawBoundBox='false' boundBoxColor='0x60C85432'>
              <Description>
                A master preset for standardgen  ore distributions.
              </Description>
              <OreBlock block='Mariculture:rocks:1' weight='1.0' />
              <ReplacesOre block='stone' weight='1.0' />
              <BiomeType name='Mountain'  />
              <Setting name='Size' avg=':= 3.333 * oreSize * mrclMountainCopperSize ' range=':= 1.67 * oreSize * mrclMountainCopperSize ' type='normal' />
              <Setting name='Frequency' avg=':= 8.0 * oreFreq * mrclMountainCopperFreq ' range=':= 4.0 * oreFreq * mrclMountainCopperFreq ' type='normal' scaleTo='base' />
              <Setting name='Height' avg=':= 161.5 ' range=':= 94.5 ' type='normal' scaleTo='base' />
              <Setting name='ParentRangeLimit' avg=':= _default_ ' range=':= _default_ ' type='normal' />
            </StandardGen>
          </IfCondition>
        </ConfigSection>
        <!-- Vanilla Preset for Mountain Copper is complete. -->

        <!-- End Mountain Copper Generation -->

        <!-- Finished adding blocks -->

      </IfCondition>
      <!-- Overworld Setup Complete -->

    </IfCondition>

  </ConfigSection>
  <!-- Configuration for Custom Ore Generation Complete! -->

</IfModInstalled>
<!-- The "Mariculture" mod is now configured. -->





<!-- =================================================================
     This file was made using the Sprocket Advanced Configuration
     Generator.  If you wish to make your own configurations for a mod
     not currently supported by Custom Ore Generation, and you don't
     want the hassle of writing XML, you can find the generator script
     at its GitHub page: http://https://github.com/reteo/Sprocket
     ================================================================= -->
