{
	"name": "dairy",
	"icon": "minecraft:milk_bucket",
	"color": "a0d4f7",
	"enabled": true,
	"food": {
		"oredict": [
			"foodButter",
			"foodButter",
			"foodCheese",
			"foodChocolatebar",
			"listAllmilk"
		],
		"items": [
			"animania:cheese_omelette",
			"animania:friesian_bucket_milk",
			"animania:friesian_cheese_wheel",
			"animania:holstein_bucket_milk",
			"animania:holstein_cheese_wheel",
			"animania:super_omelette",
			"betterwithmods:chowder",
			"betterwithmods:cooked_scrambled_egg",
			"betterwithmods:raw_scrambled_egg",
			"foodexpansion:itemblazecream",
			"foodexpansion:itemchocolatebar",
			"grimpack:apple_pie",
			"grimpack:butter",
			"grimpack:cheese",
			"grimpack:cheese_burger",
			"grimpack:chocolate_ball",
			"grimpack:chocolate_cake",
			"grimpack:chocolate_pie",
			"grimpack:dough",
			"grimpack:eggs_cooked",
			"grimpack:eggs_mixed",
			"grimpack:eggs_unmixed",
			"grimpack:hot_cheese",
			"grimpack:melon_pie",
			"grimpack:pork_pie",
			"grimpack:pumpkin_pie",
			"grimpack:raw_apple_pie",
			"grimpack:raw_chocolate_pie",
			"grimpack:raw_empty_pie",
			"grimpack:raw_melon_pie",
			"grimpack:raw_pork_pie",
			"grimpack:raw_pumpkin_pie",
			"harvestcraft:anchovypepperonipizzaitem",
			"harvestcraft:appleyogurtItem",
			"harvestcraft:apricotyogurtItem",
			"harvestcraft:asparagusquicheItem",
			"harvestcraft:asparagussoupItem",
			"harvestcraft:avocadoburritoItem",
			"harvestcraft:baconcheeseburgerItem",
			"harvestcraft:baconmushroomburgerItem",
			"harvestcraft:bakedbeetsItem",
			"harvestcraft:bakedturnipsItem",
			"harvestcraft:baklavaItem",
			"harvestcraft:bananamilkshakeItem",
			"harvestcraft:banananutbreadItem",
			"harvestcraft:bananasplitItem",
			"harvestcraft:bananayogurtItem",
			"harvestcraft:bangersandmashItem",
			"harvestcraft:beanburritoItem",
			"harvestcraft:beansontoastItem",
			"harvestcraft:beetsaladItem",
			"harvestcraft:beetsoupItem",
			"harvestcraft:biscuitItem",
			"harvestcraft:biscuitsandgravyItem",
			"harvestcraft:blackberryyogurtItem",
			"harvestcraft:blueberrypancakesItem",
			"harvestcraft:blueberryyogurtItem",
			"harvestcraft:braisedonionsItem",
			"harvestcraft:broccolimacItem",
			"harvestcraft:broccolindipItem",
			"harvestcraft:brownieItem",
			"harvestcraft:butteredpotato	Item",
			"harvestcraft:caramelicecreamItem",
			"harvestcraft:carrotsoupItem",
			"harvestcraft:ceasarsaladItem",
			"harvestcraft:chaoscookieItem",
			"harvestcraft:cheeseburgerItem",
			"harvestcraft:cheeseontoastItem",
			"harvestcraft:cherryicecreamItem",
			"harvestcraft:cherryyogurtItem",
			"harvestcraft:chickencurryItem",
			"harvestcraft:chickenparmasanItem",
			"harvestcraft:chilipoppersItem",
			"harvestcraft:chocolatebarItem",
			"harvestcraft:chocolatecaramelfudgeItem",
			"harvestcraft:chocolateicecreamItem",
			"harvestcraft:chocolatemilkItem",
			"harvestcraft:chocolatemilkshakeItem",
			"harvestcraft:chocolaterollItem",
			"harvestcraft:chocolateyogurtItem",
			"harvestcraft:chocovoxelsitem",
			"harvestcraft:cinnamontoastitem",
			"harvestcraft:coconutyogurtItem",
			"harvestcraft:coffeeconlecheItem",
			"harvestcraft:cornbreadItem",
			"harvestcraft:cornedbeefhashitem",
			"harvestcraft:cornflakesItem",
			"harvestcraft:cornonthecobItem",
			"harvestcraft:crackersitem",
			"harvestcraft:cranberryyogurtItem",
			"harvestcraft:creamcookieItem",
			"harvestcraft:creamedcornItem",
			"harvestcraft:creamofavocadosoupItem",
			"harvestcraft:croissantItem",
			"harvestcraft:cucumbersoupItem",
			"harvestcraft:custardItem",
			"harvestcraft:damperItem",
			"harvestcraft:delightedmealItem",
			"harvestcraft:deluxecheeseburgerItem",
			"harvestcraft:deluxechickencurryItem",
			"harvestcraft:durianmilkshakeitem",
			"harvestcraft:eggnogItem",
			"harvestcraft:eggplantparmItem",
			"harvestcraft:fairybreadItem",
			"harvestcraft:figyogurtItem",
			"harvestcraft:fishtacoItem",
			"harvestcraft:fruitcrumbleItem",
			"harvestcraft:garlicbreadItem",
			"harvestcraft:garlicmashedpotatoesItem",
			"harvestcraft:gingerbreadItem",
			"harvestcraft:glazedcarrotsItem",
			"harvestcraft:gooseberrymilkshakeItem",
			"harvestcraft:gooseberryyogurtItem",
			"harvestcraft:grapefruityogurtItem",
			"harvestcraft:grapeyogurtItem",
			"harvestcraft:grilledcheeseItem",
			"harvestcraft:heartybreakfastItem",
			"harvestcraft:herbbutterparsnipsItem",
			"harvestcraft:homestylelunchitem",
			"harvestcraft:honeybunItem",
			"harvestcraft:honeycombchocolatebarItem",
			"harvestcraft:honeyglazedcarrotsItem",
			"harvestcraft:honeylemonlambItem",
			"harvestcraft:hotchocolateItem",
			"harvestcraft:hotwingsItem",
			"harvestcraft:icecreamItem",
			"harvestcraft:keylimepieItem",
			"harvestcraft:kiwiyogurtItem",
			"harvestcraft:lasagnaitem",
			"harvestcraft:leekbaconsoupItem",
			"harvestcraft:lemonchickenItem",
			"harvestcraft:lemondrizzlecakeitem",
			"harvestcraft:lemonmeringueItem",
			"harvestcraft:lemonyogurtItem",
			"harvestcraft:limeyogurtItem",
			"harvestcraft:loadedbakedpotatoItem",
			"harvestcraft:mangoyogurtItem",
			"harvestcraft:maplesyruppancakesItem",
			"harvestcraft:maplesyrupwafflesItem",
			"harvestcraft:mashedpotatoesItem",
			"harvestcraft:mashedsweetpotatoesItem",
			"harvestcraft:meatfeastpizzaItem",
			"harvestcraft:melonyogurtItem",
			"harvestcraft:mincepieItem",
			"harvestcraft:mintchocolatechipicecreamItem",
			"harvestcraft:mochaicecreamItem",
			"harvestcraft:montecristosandwichitem",
			"harvestcraft:museliItem",
			"harvestcraft:mushroomlasagnaitem",
			"harvestcraft:mushroomrisottoItem",
			"harvestcraft:nachoesItem",
			"harvestcraft:neapolitanicecreamItem",
			"harvestcraft:nutellaItem",
			"harvestcraft:onionsoupItem",
			"harvestcraft:orangeyogurtItem",
			"harvestcraft:pancakesItem",
			"harvestcraft:paneerItem",
			"harvestcraft:paneertikkamasalaItem",
			"harvestcraft:papayayogurtItem",
			"harvestcraft:peachesandcreamoatmealItem",
			"harvestcraft:peachyogurtItem",
			"harvestcraft:pearyogurtItem",
			"harvestcraft:pecanpieItem",
			"harvestcraft:persimmonyogurtItem",
			"harvestcraft:pineappleyogurtItem",
			"harvestcraft:pistachioicecreamItem",
			"harvestcraft:pizzaItem",
			"harvestcraft:pizzasoupitem",
			"harvestcraft:plainyogurtItem",
			"harvestcraft:ploughmanslunchItem",
			"harvestcraft:plumyogurtItem",
			"harvestcraft:pomegranateyogurtItem",
			"harvestcraft:potatoandcheesepirogiItem",
			"harvestcraft:potatoandleeksoupItem",
			"harvestcraft:potatocakesItem",
			"harvestcraft:poutineitem",
			"harvestcraft:pumpkinoatsconesItem",
			"harvestcraft:pumpkinsoupItem",
			"harvestcraft:pumpkinyogurtItem",
			"harvestcraft:randomtacoItem",
			"harvestcraft:raspberryyogurtItem",
			"harvestcraft:refriedbeansItem",
			"harvestcraft:scallionbakedpotatoItem",
			"harvestcraft:softpretzelItem",
			"harvestcraft:softpretzelandmustardItem",
			"harvestcraft:spicebunItem",
			"harvestcraft:spinachpieItem",
			"harvestcraft:spumoniicecreamItem",
			"harvestcraft:starfruityogurtItem",
			"harvestcraft:strawberryicecreamItem",
			"harvestcraft:strawberrymilkshakeItem",
			"harvestcraft:strawberryyogurtItem",
			"harvestcraft:stuffedeggplantItem",
			"harvestcraft:stuffedmushroomItem",
			"harvestcraft:supremepizzaItem",
			"harvestcraft:sweetpotatosouffleItem",
			"harvestcraft:tacoItem",
			"harvestcraft:timtamItem",
			"harvestcraft:toadintheholeItem",
			"harvestcraft:toastedwesternitem",
			"harvestcraft:tunapotatoItem",
			"harvestcraft:turnipsoupItem",
			"harvestcraft:vanillaicecreamItem",
			"harvestcraft:vanillayogurtItem",
			"harvestcraft:vindalooItem",
			"harvestcraft:wafflesItem",
			"harvestcraft:yorkshirepuddingItem",
			"harvestcraft:zestyzucchiniItem",
			"harvestcraft:zucchinibakeItem",
			"harvestcraft:zucchinifriesItem",
			"minecraft:cake",
			"minecraft:golden_apple:1",
			"simplecorn:chickencornchowder",
			"simplecorn:cornchowder"
		]
	}
}