{
	"name": "example",            // Unique nutrient ID
	"icon": "minecraft:carrot",   // Item drawn in nutrient GUI
	"color": "72dd5a",            // Hexadecimal color used to draw for nutrient bar
	"enabled": false,             // Will this nutrient be active or not
	"food": {                     //
		"oredict": [              // List of ore dictionary entries that are included in this nutrient
			"listAllveggie",      //
			"listAllgreenveggie"  //
		],                        //
		"items": [                // List of item IDs for foods that are included in this nutrient
			"minecraft:potato",   //
			"minecraft:carrot",   //
			"minecraft:cake"      //
		]
	}
}
