{
	"name": "fruit",
	"icon": "minecraft:apple",
	"color": "cd73f4",
	"enabled": true,
	"food": {
		"oredict": [
			"cropAvocado",
			"cropCandle",
			"cropCoconut",
			"cropDeathFruit",
			"cropDurian",
			"cropLifeFruit",
			"cropOlive",
			"foodApplesauce",
			"foodGrapejuice",
			"foodRaisins",
			"foodToastedcoconut",
			"foodVinegar",
			"listAllberry",
			"listAllfruit",
			"listAllsmoothie"
		],
		"items": [
			"foodexpansion:itemcactusfruit",
			"foodexpansion:itemmelonsalad",
			"grimpack:apple_pie",
			"grimpack:dragon_fruit",
			"grimpack:melon_pie",
			"grimpack:pumpkin_pie",
			"grimpack:pumpkin_slice",
			"grimpack:raw_melon_pie",
			"grimpack:raw_pumpkin_pie",
			"harvestcraft:appleciderItem",
			"harvestcraft:applefritterItem",
			"harvestcraft:applejellyItem",
			"harvestcraft:applejellysandwichItem",
			"harvestcraft:applejuiceItem",
			"harvestcraft:applepieItem",
			"harvestcraft:applesauceItem",
			"harvestcraft:applesmoothieItem",
			"harvestcraft:appleyogurtItem",
			"harvestcraft:apricotglazedporkItem",
			"harvestcraft:apricotjellyItem",
			"harvestcraft:apricotjellysandwichItem",
			"harvestcraft:apricotjuiceItem",
			"harvestcraft:apricotsmoothieItem",
			"harvestcraft:apricotyogurtItem",
			"harvestcraft:avocadoburritoItem",
			"harvestcraft:baconwrappeddatesItem",
			"harvestcraft:bakedhamItem",
			"harvestcraft:bananamilkshakeItem",
			"harvestcraft:banananutbreadItem",
			"harvestcraft:bananasmoothieItem",
			"harvestcraft:bananasplitItem",
			"harvestcraft:bananayogurtItem",
			"harvestcraft:beetburgerItem",
			"harvestcraft:beetsaladItem",
			"harvestcraft:blackberrycobblerItem",
			"harvestcraft:blackberryjellyItem",
			"harvestcraft:blackberryjellysandwichItem",
			"harvestcraft:blackberryjuiceItem",
			"harvestcraft:blackberrysmoothieItem",
			"harvestcraft:blackberryyogurtItem",
			"harvestcraft:blueberryjellyItem",
			"harvestcraft:blueberryjellysandwichItem",
			"harvestcraft:blueberryjuiceItem",
			"harvestcraft:blueberrymuffinItem",
			"harvestcraft:blueberrypancakesItem",
			"harvestcraft:blueberrypieItem",
			"harvestcraft:blueberrysmoothieItem",
			"harvestcraft:blueberryyogurtItem",
			"harvestcraft:cactusfruitjuiceItem",
			"harvestcraft:californiarollItem",
			"harvestcraft:candiedlemonItem",
			"harvestcraft:caramelappleItem",
			"harvestcraft:charsiuItem",
			"harvestcraft:cherrycoconutchocolatebarItem",
			"harvestcraft:cherryicecreamItem",
			"harvestcraft:cherryjellyItem",
			"harvestcraft:cherryjellysandwichItem",
			"harvestcraft:cherryjuiceItem",
			"harvestcraft:cherrypieItem",
			"harvestcraft:cherrysmoothieItem",
			"harvestcraft:cherrysodaItem",
			"harvestcraft:cherryyogurtItem",
			"harvestcraft:chickencurryItem",
			"harvestcraft:chocolatecherryItem",
			"harvestcraft:chocolatestrawberryItem",
			"harvestcraft:cinnamonappleoatmealItem",
			"harvestcraft:citrussaladItem",
			"harvestcraft:coconutcreamItem",
			"harvestcraft:coconutmilkItem",
			"harvestcraft:coconutshrimpItem",
			"harvestcraft:coconutsmoothieItem",
			"harvestcraft:coconutyogurtItem",
			"harvestcraft:cookedtofishItem",
			"harvestcraft:cranberrybarItem",
			"harvestcraft:cranberryjellyItem",
			"harvestcraft:cranberryjellysandwichItem",
			"harvestcraft:cranberryjuiceItem",
			"harvestcraft:cranberrysauceItem",
			"harvestcraft:cranberrysmoothieItem",
			"harvestcraft:cranberryyogurtItem",
			"harvestcraft:creamofavocadosoupItem",
			"harvestcraft:curryItem",
			"harvestcraft:datenutbreadItem",
			"harvestcraft:delightedmealItem",
			"harvestcraft:deluxechickencurryItem",
			"harvestcraft:durianmilkshakeitem",
			"harvestcraft:durianmuffinitem",
			"harvestcraft:figbarItem",
			"harvestcraft:figjellyItem",
			"harvestcraft:figjellysandwichItem",
			"harvestcraft:figjuiceItem",
			"harvestcraft:figsmoothieItem",
			"harvestcraft:figyogurtItem",
			"harvestcraft:fishdinnerItem",
			"harvestcraft:fruitcrumbleItem",
			"harvestcraft:fruitpunchItem",
			"harvestcraft:fruitsaladItem",
			"harvestcraft:gherkinItem",
			"harvestcraft:gooseberryjellyItem",
			"harvestcraft:gooseberryjellysandwichItem",
			"harvestcraft:gooseberrymilkshakeItem",
			"harvestcraft:gooseberrypieItem",
			"harvestcraft:gooseberryyogurtItem",
			"harvestcraft:grapefruitjellyItem",
			"harvestcraft:grapefruitjellysandwichItem",
			"harvestcraft:grapefruitjuiceItem",
			"harvestcraft:grapefruitsmoothieItem",
			"harvestcraft:grapefruitsodaItem",
			"harvestcraft:grapefruityogurtItem",
			"harvestcraft:grapejellyItem",
			"harvestcraft:grapejuiceItem",
			"harvestcraft:grapesaladItem",
			"harvestcraft:grapesmoothieItem",
			"harvestcraft:grapesodaItem",
			"harvestcraft:grapeyogurtItem",
			"harvestcraft:guacamoleItem",
			"harvestcraft:honeyglazedcarrotsItem",
			"harvestcraft:honeylemonlambItem",
			"harvestcraft:hummusitem",
			"harvestcraft:jaffaItem",
			"harvestcraft:jamrollItem",
			"harvestcraft:jellydonutItem",
			"harvestcraft:keylimepieItem",
			"harvestcraft:kiwijellyItem",
			"harvestcraft:kiwijellysandwichItem",
			"harvestcraft:kiwijuiceItem",
			"harvestcraft:kiwiyogurtItem",
			"harvestcraft:kungpaochickenItem",
			"harvestcraft:lemonaideItem",
			"harvestcraft:lemonbarItem",
			"harvestcraft:lemonchickenItem",
			"harvestcraft:lemondrizzlecakeitem",
			"harvestcraft:lemonjellyItem",
			"harvestcraft:lemonjellysandwichItem",
			"harvestcraft:lemonlimesodaItem",
			"harvestcraft:lemonmeringueItem",
			"harvestcraft:lemonyogurtItem",
			"harvestcraft:limejellyItem",
			"harvestcraft:limejellysandwichItem",
			"harvestcraft:limejuiceItem",
			"harvestcraft:limeyogurtItem",
			"harvestcraft:mangochutneyItem",
			"harvestcraft:mangojellyItem",
			"harvestcraft:mangojellysandwichItem",
			"harvestcraft:mangojuiceItem",
			"harvestcraft:mangoyogurtItem",
			"harvestcraft:melonjuiceItem",
			"harvestcraft:melonyogurtItem",
			"harvestcraft:mincepieItem",
			"harvestcraft:museliItem",
			"harvestcraft:neapolitanicecreamItem",
			"harvestcraft:orangechickenItem",
			"harvestcraft:orangejellyItem",
			"harvestcraft:orangejellysandwichItem",
			"harvestcraft:orangejuiceItem",
			"harvestcraft:orangesodaItem",
			"harvestcraft:orangeyogurtItem",
			"harvestcraft:ovenroastedcauliflowerItem",
			"harvestcraft:paneerItem",
			"harvestcraft:paneertikkamasalaItem",
			"harvestcraft:papayajellyItem",
			"harvestcraft:papayajellysandwichItem",
			"harvestcraft:papayajuiceItem",
			"harvestcraft:papayayogurtItem",
			"harvestcraft:pbandjItem",
			"harvestcraft:peachcobblerItem",
			"harvestcraft:peachesandcreamoatmealItem",
			"harvestcraft:peachjellyItem",
			"harvestcraft:peachjellysandwichItem",
			"harvestcraft:peachjuiceItem",
			"harvestcraft:peachyogurtItem",
			"harvestcraft:pearjellyItem",
			"harvestcraft:pearjellysandwichItem",
			"harvestcraft:pearjuiceItem",
			"harvestcraft:pearsmoothieItem",
			"harvestcraft:pearyogurtItem",
			"harvestcraft:peasandceleryItem",
			"harvestcraft:persimmonjellyItem",
			"harvestcraft:persimmonjellysandwichItem",
			"harvestcraft:persimmonjuiceItem",
			"harvestcraft:persimmonsmoothieItem",
			"harvestcraft:persimmonyogurtItem",
			"harvestcraft:pinacoladaItem",
			"harvestcraft:pineapplehamItem",
			"harvestcraft:pineappleyogurtItem",
			"harvestcraft:ploughmanslunchItem",
			"harvestcraft:plumjellyItem",
			"harvestcraft:plumjellysandwichItem",
			"harvestcraft:plumjuiceItem",
			"harvestcraft:plumsmoothieItem",
			"harvestcraft:plumyogurtItem",
			"harvestcraft:poachedpearItem",
			"harvestcraft:pomegranatejellyItem",
			"harvestcraft:pomegranatejellysandwichItem",
			"harvestcraft:pomegranatejuiceItem",
			"harvestcraft:pomegranateyogurtItem",
			"harvestcraft:pumpkinbreadItem",
			"harvestcraft:pumpkinmuffinItem",
			"harvestcraft:pumpkinoatsconesItem",
			"harvestcraft:pumpkinsoupItem",
			"harvestcraft:pumpkinyogurtItem",
			"harvestcraft:raisincookiesItem",
			"harvestcraft:randomtacoItem",
			"harvestcraft:raspberryicedteaItem",
			"harvestcraft:raspberryjellyItem",
			"harvestcraft:raspberryjellysandwichItem",
			"harvestcraft:raspberryjuiceItem",
			"harvestcraft:raspberrypieItem",
			"harvestcraft:raspberrytrifleItem",
			"harvestcraft:raspberryyogurtItem",
			"harvestcraft:rawtofishItem",
			"harvestcraft:salsaitem",
			"harvestcraft:spicebunItem",
			"harvestcraft:spumoniicecreamItem",
			"harvestcraft:starfruitjellyItem",
			"harvestcraft:starfruitjellysandwichItem",
			"harvestcraft:starfruitjuiceItem",
			"harvestcraft:starfruityogurtItem",
			"harvestcraft:strawberryicecreamItem",
			"harvestcraft:strawberryjellyItem",
			"harvestcraft:strawberryjellysandwichItem",
			"harvestcraft:strawberryjuiceItem",
			"harvestcraft:strawberrymilkshakeItem",
			"harvestcraft:strawberrypieItem",
			"harvestcraft:strawberrysaladItem",
			"harvestcraft:strawberrysodaItem",
			"harvestcraft:strawberryyogurtItem",
			"harvestcraft:summersquashwithradishItem",
			"harvestcraft:sweetandsourchickenItem",
			"harvestcraft:sweetteaItem",
			"harvestcraft:trailmixItem",
			"harvestcraft:turkishdelightitem",
			"harvestcraft:turnipsoupItem",
			"harvestcraft:walnutraisinbreadItem",
			"harvestcraft:watermelonjellyItem",
			"harvestcraft:watermelonjellysandwichItem",
			"minecraft:apple",
			"minecraft:chorus_fruit",
			"minecraft:golden_apple:0",
			"minecraft:golden_apple:1",
			"minecraft:melon",
			"minecraft:pumpkin_pie"
		]
	}
}