{
	"name": "grain",
	"icon": "minecraft:wheat",
	"color": "f4d92e",
	"enabled": true,
	"food": {
		"oredict": [
			"bread",
			"cropCinnamon",
			"cropCoffee",
			"cropCotton",
			"cropCurryleaf",
			"cropMustard",
			"cropNutmeg",
			"cropRice",
			"cropSesame",
			"foodCoffee",
			"foodDatenutbread",
			"foodDonut",
			"foodDough",
			"foodGarlicbread",
			"foodGingerbread",
			"foodLavendershortbread",
			"foodPumpkinbread",
			"foodRicecake",
			"foodSausageinbread",
			"foodToast",
			"foodTortilla",
			"foodWalnutraisinbread",
			"foodZucchinibread",
			"listAllgrain"
		],
		"items": [
			"betterwithmods:hearty_stew",
			"betterwithmods:tasty_sandwich",
			"foodexpansion:itembeetrootnoodles",
			"foodexpansion:itemcarrotpie",
			"grimpack:apple_pie",
			"grimpack:bread_slice",
			"grimpack:cheese_burger",
			"grimpack:chocolate_cake",
			"grimpack:chocolate_pie",
			"grimpack:dough",
			"grimpack:hot_cheese",
			"grimpack:melon_pie",
			"grimpack:pork_pie",
			"grimpack:pumpkin_pie",
			"grimpack:raw_apple_pie",
			"grimpack:raw_chocolate_pie",
			"grimpack:raw_empty_pie",
			"grimpack:raw_melon_pie",
			"grimpack:raw_pork_pie",
			"grimpack:raw_pumpkin_pie",
			"harvestcraft:anchovypepperonipizzaitem",
			"harvestcraft:applefritterItem",
			"harvestcraft:applejellysandwichItem",
			"harvestcraft:applepieItem",
			"harvestcraft:apricotjellysandwichItem",
			"harvestcraft:avocadoburritoItem",
			"harvestcraft:baconcheeseburgerItem",
			"harvestcraft:baconmushroomburgerItem",
			"harvestcraft:baklavaItem",
			"harvestcraft:bamboosteamedriceItem",
			"harvestcraft:banananutbreadItem",
			"harvestcraft:batteredsausageItem",
			"harvestcraft:bbqpulledporkItem",
			"harvestcraft:beanburritoItem",
			"harvestcraft:beansandriceItem",
			"harvestcraft:beansontoastItem",
			"harvestcraft:beefwellingtonItem",
			"harvestcraft:beetburgerItem",
			"harvestcraft:biscuitItem",
			"harvestcraft:biscuitsandgravyItem",
			"harvestcraft:blackberrycobblerItem",
			"harvestcraft:blackberryjellysandwichItem",
			"harvestcraft:bltItem",
			"harvestcraft:blueberryjellysandwichItem",
			"harvestcraft:blueberrymuffinItem",
			"harvestcraft:blueberrypancakesItem",
			"harvestcraft:blueberrypieItem",
			"harvestcraft:breadedporkchopItem",
			"harvestcraft:broccolimacItem",
			"harvestcraft:brownieItem",
			"harvestcraft:californiarollItem",
			"harvestcraft:candiedsweetpotatoesItem",
			"harvestcraft:candiedwalnutsItem",
			"harvestcraft:cashewchickenItem",
			"harvestcraft:ceasarsaladItem",
			"harvestcraft:chaoscookieItem",
			"harvestcraft:charsiuItem",
			"harvestcraft:cheeseburgerItem",
			"harvestcraft:cheeseontoastItem",
			"harvestcraft:cherryjellysandwichItem",
			"harvestcraft:cherrypieItem",
			"harvestcraft:chickenchowmeinItem",
			"harvestcraft:chickencurryItem",
			"harvestcraft:chickennoodlesoupItem",
			"harvestcraft:chickenpotpieItem",
			"harvestcraft:chickensandwichItem",
			"harvestcraft:chikorollItem",
			"harvestcraft:chilipoppersItem",
			"harvestcraft:chocolatedonutItem",
			"harvestcraft:chocovoxelsitem",
			"harvestcraft:cinnamonappleoatmealItem",
			"harvestcraft:cinnamonrollItem",
			"harvestcraft:cinnamonsugardonutItem",
			"harvestcraft:cinnamontoastitem",
			"harvestcraft:coconutshrimpItem",
			"harvestcraft:coffeeconlecheItem",
			"harvestcraft:coleslawburgerItem",
			"harvestcraft:cookedtofabbitItem",
			"harvestcraft:cookedtofaconItem",
			"harvestcraft:cookedtofenisonItem",
			"harvestcraft:cookedtofickenItem",
			"harvestcraft:cookedtofurkeyItem",
			"harvestcraft:cookedtofuttonItem",
			"harvestcraft:cornedbeefhashitem",
			"harvestcraft:cornedbeefitem",
			"harvestcraft:cornishpastyItem",
			"harvestcraft:cottagepieItem",
			"harvestcraft:crackerItem",
			"harvestcraft:crackersitem",
			"harvestcraft:cranberrybarItem",
			"harvestcraft:creamcookieItem",
			"harvestcraft:creamedbroccolisoupItem",
			"harvestcraft:creepercookieItem",
			"harvestcraft:croissantItem",
			"harvestcraft:curryItem",
			"harvestcraft:custardItem",
			"harvestcraft:damperItem",
			"harvestcraft:datenutbreadItem",
			"harvestcraft:delightedmealItem",
			"harvestcraft:deluxecheeseburgerItem",
			"harvestcraft:deluxechickencurryItem",
			"harvestcraft:dhalitem",
			"harvestcraft:dimsumItem",
			"harvestcraft:durianmuffinitem",
			"harvestcraft:eggnogItem",
			"harvestcraft:eggplantparmItem",
			"harvestcraft:espressoItem",
			"harvestcraft:fairybreadItem",
			"harvestcraft:figbarItem",
			"harvestcraft:figjellysandwichItem",
			"harvestcraft:fishandchipsItem",
			"harvestcraft:fishdinnerItem",
			"harvestcraft:fishsandwichItem",
			"harvestcraft:fishsticksItem",
			"harvestcraft:fishtacoItem",
			"harvestcraft:footlongItem",
			"harvestcraft:frenchtoastItem",
			"harvestcraft:friedchickenItem",
			"harvestcraft:friedriceItem",
			"harvestcraft:frosteddonutItem",
			"harvestcraft:fruitcrumbleItem",
			"harvestcraft:garlicbreadItem",
			"harvestcraft:generaltsochickenItem",
			"harvestcraft:gingerbreadItem",
			"harvestcraft:gingeredrhubarbtartItem",
			"harvestcraft:gingersnapsItem",
			"harvestcraft:gooseberryjellysandwichItem",
			"harvestcraft:gooseberrypieItem",
			"harvestcraft:grapefruitjellysandwichItem",
			"harvestcraft:gravyItem",
			"harvestcraft:grilledcheeseItem",
			"harvestcraft:hamburgerItem",
			"harvestcraft:hamsweetpicklesandwichItem",
			"harvestcraft:heartybreakfastItem",
			"harvestcraft:homestylelunchitem",
			"harvestcraft:honeybreadItem",
			"harvestcraft:honeybunItem",
			"harvestcraft:honeysandwichItem",
			"harvestcraft:hotandsoursoupItem",
			"harvestcraft:hotdogItem",
			"harvestcraft:jaffaItem",
			"harvestcraft:jamrollItem",
			"harvestcraft:jellydonutItem",
			"harvestcraft:keylimepieItem",
			"harvestcraft:kimchiItem",
			"harvestcraft:kiwijellysandwichItem",
			"harvestcraft:lambbarleysoupItem",
			"harvestcraft:lasagnaitem",
			"harvestcraft:lavendershortbreadItem",
			"harvestcraft:leafychickensandwichItem",
			"harvestcraft:leafyfishsandwichItem",
			"harvestcraft:lemonbarItem",
			"harvestcraft:lemondrizzlecakeitem",
			"harvestcraft:lemonjellysandwichItem",
			"harvestcraft:lemonmeringueItem",
			"harvestcraft:limejellysandwichItem",
			"harvestcraft:mangochutneyItem",
			"harvestcraft:mangojellysandwichItem",
			"harvestcraft:manjuuItem",
			"harvestcraft:mapleoatmealItem",
			"harvestcraft:maplesyruppancakesItem",
			"harvestcraft:maplesyrupwafflesItem",
			"harvestcraft:mcpamItem",
			"harvestcraft:meatfeastpizzaItem",
			"harvestcraft:meatloafitem",
			"harvestcraft:meatpieItem",
			"harvestcraft:meatystewItem",
			"harvestcraft:mincepieItem",
			"harvestcraft:mochaicecreamItem",
			"harvestcraft:mochiItem",
			"harvestcraft:montecristosandwichitem",
			"harvestcraft:museliItem",
			"harvestcraft:mushroomlasagnaitem",
			"harvestcraft:mushroomrisottoItem",
			"harvestcraft:naanItem",
			"harvestcraft:nachoesItem",
			"harvestcraft:okracreoleItem",
			"harvestcraft:oldworldveggiesoupItem",
			"harvestcraft:onionhamburgerItem",
			"harvestcraft:onionsoupItem",
			"harvestcraft:orangechickenItem",
			"harvestcraft:orangejellysandwichItem",
			"harvestcraft:pancakesItem",
			"harvestcraft:papayajellysandwichItem",
			"harvestcraft:patreonpieItem",
			"harvestcraft:pbandjItem",
			"harvestcraft:peachcobblerItem",
			"harvestcraft:peachesandcreamoatmealItem",
			"harvestcraft:peachjellysandwichItem",
			"harvestcraft:peanutbuttercookiesItem",
			"harvestcraft:pearjellysandwichItem",
			"harvestcraft:pecanpieItem",
			"harvestcraft:pepperoniItem",
			"harvestcraft:persimmonjellysandwichItem",
			"harvestcraft:pizzaItem",
			"harvestcraft:ploughmanslunchItem",
			"harvestcraft:plumjellysandwichItem",
			"harvestcraft:pomegranatejellysandwichItem",
			"harvestcraft:porklomeinItem",
			"harvestcraft:potatoandcheesepirogiItem",
			"harvestcraft:poutineitem",
			"harvestcraft:powdereddonutItem",
			"harvestcraft:pumpkinbreadItem",
			"harvestcraft:pumpkinmuffinItem",
			"harvestcraft:pumpkinoatsconesItem",
			"harvestcraft:rainbowcurryItem",
			"harvestcraft:raisincookiesItem",
			"harvestcraft:randomtacoItem",
			"harvestcraft:raspberryjellysandwichItem",
			"harvestcraft:raspberrypieItem",
			"harvestcraft:raspberrytrifleItem",
			"harvestcraft:rawtofabbitItem",
			"harvestcraft:rawtofaconItem",
			"harvestcraft:rawtofenisonItem",
			"harvestcraft:rawtofickenItem",
			"harvestcraft:rawtofurkeyItem",
			"harvestcraft:rawtofuttonItem",
			"harvestcraft:ricesoupItem",
			"harvestcraft:roastedpumpkinseedsItem",
			"harvestcraft:salmonpattiesItem",
			"harvestcraft:sausageinbreadItem",
			"harvestcraft:sausagerollItem",
			"harvestcraft:sesameballItem",
			"harvestcraft:sesamesnapsItem",
			"harvestcraft:softpretzelItem",
			"harvestcraft:softpretzelandmustardItem",
			"harvestcraft:spagettiItem",
			"harvestcraft:spagettiandmeatballsItem",
			"harvestcraft:spicebunItem",
			"harvestcraft:spinachpieItem",
			"harvestcraft:starfruitjellysandwichItem",
			"harvestcraft:strawberryjellysandwichItem",
			"harvestcraft:strawberrypieItem",
			"harvestcraft:stuffedmushroomItem",
			"harvestcraft:supremepizzaItem",
			"harvestcraft:sushiItem",
			"harvestcraft:sweetandsourchickenItem",
			"harvestcraft:sweetpotatopieItem",
			"harvestcraft:sweetpotatosouffleItem",
			"harvestcraft:tacoItem",
			"harvestcraft:teriyakichickenitem",
			"harvestcraft:timtamItem",
			"harvestcraft:toadintheholeItem",
			"harvestcraft:toastedwesternitem",
			"harvestcraft:toastsandwichItem",
			"harvestcraft:vegemiteItem",
			"harvestcraft:vegemiteontoastItem",
			"harvestcraft:veggiestirfryItem",
			"harvestcraft:vindalooItem",
			"harvestcraft:wafflesItem",
			"harvestcraft:walnutraisinbreadItem",
			"harvestcraft:watermelonjellysandwichItem",
			"harvestcraft:yorkshirepuddingItem",
			"harvestcraft:zeppoleItem",
			"harvestcraft:zestyzucchiniItem",
			"harvestcraft:zucchinibakeItem",
			"harvestcraft:zucchinibreadItem",
			"harvestcraft:zucchinifriesItem",
			"minecraft:bread",
			"minecraft:cake",
			"minecraft:cookie",
			"minecraft:golden_apple:1",
			"simplecorn:chickencornchowder",
			"simplecorn:cornchowder",
			"simplecorn:corncob",
			"simplecorn:poppedcorn",
			"simplecorn:roastedcorn"
		]
	}
}