{
	"name": "protein",
	"icon": "minecraft:cooked_beef",
	"color": "db6c23",
	"enabled": true,
	"food": {
		"oredict": [
			"egg",
			"foodBoiledegg",
			"foodClamcooked",
			"foodClamraw",
			"foodCrabcooked",
			"foodCrabraw",
			"foodCrayfishcooked",
			"foodCrayfishraw",
			"foodEelraw",
			"foodFriedegg",
			"foodFrogcooked",
			"foodFrograw",
			"foodOctopuscooked",
			"foodOctopusraw",
			"foodScallopcooked",
			"foodScallopraw",
			"foodShrimpcooked",
			"foodShrimpraw",
			"foodSnailcooked",
			"foodSnailraw",
			"foodTurtlecooked",
			"foodTurtleraw",
			"listAllfishcooked",
			"listAllfishraw",
			"listAllmeatcooked",
			"listAllmeatraw",
			"listAllnut",
			"listAllnutbutter",
			"foodFirmtofu",
			"foodSilkentofu"
		],
		"items": [
			"animania:bacon_omelette",
			"animania:cheese_omelette",
			"animania:plain_omelette",
			"animania:super_omelette",
			"animania:truffle_omelette",
			"betterwithmods:beef_dinner",
			"betterwithmods:beef_potatoes",
			"betterwithmods:chicken_soup",
			"betterwithmods:chowder",
			"betterwithmods:cooked_egg",
			"betterwithmods:cooked_kebab",
			"betterwithmods:cooked_omelet",
			"betterwithmods:cooked_scrambled_egg",
			"betterwithmods:ham_and_eggs",
			"betterwithmods:hearty_stew",
			"betterwithmods:pork_dinner",
			"betterwithmods:raw_egg",
			"betterwithmods:raw_kebab",
			"betterwithmods:raw_omelet",
			"betterwithmods:raw_scrambled_egg",
			"betterwithmods:tasty_sandwich",
			"ediblebugs:cookedBugs:0",
			"ediblebugs:cookedBugs:1",
			"ediblebugs:cookedBugs:10",
			"ediblebugs:cookedBugs:11",
			"ediblebugs:cookedBugs:12",
			"ediblebugs:cookedBugs:13",
			"ediblebugs:cookedBugs:14",
			"ediblebugs:cookedBugs:15",
			"ediblebugs:cookedBugs:16",
			"ediblebugs:cookedBugs:2",
			"ediblebugs:cookedBugs:3",
			"ediblebugs:cookedBugs:4",
			"ediblebugs:cookedBugs:5",
			"ediblebugs:cookedBugs:6",
			"ediblebugs:cookedBugs:7",
			"ediblebugs:cookedBugs:8",
			"ediblebugs:cookedBugs:9",
			"ediblebugs:dirtBugs:0",
			"ediblebugs:dirtBugs:1",
			"ediblebugs:dirtBugs:2",
			"ediblebugs:dirtBugs:3",
			"ediblebugs:grassBugs:0",
			"ediblebugs:grassBugs:1",
			"ediblebugs:grassBugs:2",
			"ediblebugs:grassBugs:3",
			"ediblebugs:sandBugs:0",
			"ediblebugs:sandBugs:1",
			"ediblebugs:sandBugs:2",
			"ediblebugs:sandBugs:3",
			"ediblebugs:termite",
			"ediblebugs:woodBugs:0",
			"ediblebugs:woodBugs:1",
			"ediblebugs:woodBugs:2",
			"ediblebugs:woodBugs:3",
			"foodexpansion:itembacon",
			"foodexpansion:itembaconandegg",
			"foodexpansion:itemcarrotpie",
			"foodexpansion:itemcookedbacon",
			"foodexpansion:itemcookedhorsemeat",
			"foodexpansion:itemcookedocelotmeat",
			"foodexpansion:itemcookedsquid",
			"foodexpansion:itemcookedwolfmeat",
			"foodexpansion:itemfriedegg",
			"foodexpansion:itemhorsemeat",
			"foodexpansion:itemocelotmeat",
			"foodexpansion:itemsquid",
			"foodexpansion:itemwolfmeat",
			"grimpack:apple_pie",
			"grimpack:cheese_burger",
			"grimpack:chocolate_cake",
			"grimpack:chocolate_pie",
			"grimpack:dough",
			"grimpack:eggs_cooked",
			"grimpack:eggs_mixed",
			"grimpack:eggs_unmixed",
			"grimpack:melon_pie",
			"grimpack:pork_pie",
			"grimpack:pumpkin_pie",
			"grimpack:raw_apple_pie",
			"grimpack:raw_chocolate_pie",
			"grimpack:raw_empty_pie",
			"grimpack:raw_melon_pie",
			"grimpack:raw_pork_pie",
			"grimpack:raw_pumpkin_pie",
			"harvestcraft:anchovypepperonipizzaitem",
			"harvestcraft:applejellysandwichItem",
			"harvestcraft:apricotglazedporkItem",
			"harvestcraft:apricotjellysandwichItem",
			"harvestcraft:asparagusquicheItem",
			"harvestcraft:avocadoburritoItem",
			"harvestcraft:baconandeggsItem",
			"harvestcraft:baconcheeseburgerItem",
			"harvestcraft:baconmushroomburgerItem",
			"harvestcraft:baconwrappeddatesItem",
			"harvestcraft:bakedbeansItem",
			"harvestcraft:bakedhamItem",
			"harvestcraft:baklavaItem",
			"harvestcraft:banananutbreadItem",
			"harvestcraft:bangersandmashItem",
			"harvestcraft:batteredsausageItem",
			"harvestcraft:bbqpulledporkItem",
			"harvestcraft:beansandriceItem",
			"harvestcraft:beansontoastItem",
			"harvestcraft:beefjerkyItem",
			"harvestcraft:beefwellingtonItem",
			"harvestcraft:beetburgerItem",
			"harvestcraft:blackberryjellysandwichItem",
			"harvestcraft:bltItem",
			"harvestcraft:blueberryjellysandwichItem",
			"harvestcraft:blueberrymuffinItem",
			"harvestcraft:blueberrypancakesItem",
			"harvestcraft:breadedporkchopItem",
			"harvestcraft:brownieItem",
			"harvestcraft:calamarirawItem",
			"harvestcraft:californiarollItem",
			"harvestcraft:candiedwalnutsItem",
			"harvestcraft:cashewchickenItem",
			"harvestcraft:celeryandpeanutbutterItem",
			"harvestcraft:charsiuItem",
			"harvestcraft:cheeseburgerItem",
			"harvestcraft:cherryjellysandwichItem",
			"harvestcraft:chickencelerycasseroleItem",
			"harvestcraft:chickenchowmeinItem",
			"harvestcraft:chickencurryItem",
			"harvestcraft:chickengumboItem",
			"harvestcraft:chickenparmasanItem",
			"harvestcraft:chickenpotpieItem",
			"harvestcraft:chickensandwichItem",
			"harvestcraft:chikorollItem",
			"harvestcraft:chiliItem",
			"harvestcraft:chocolatebaconItem",
			"harvestcraft:chocolaterollItem",
			"harvestcraft:chorizoItem",
			"harvestcraft:coconutshrimpItem",
			"harvestcraft:coleslawItem",
			"harvestcraft:coleslawburgerItem",
			"harvestcraft:cookedtofenisonItem",
			"harvestcraft:cornbreadItem",
			"harvestcraft:cornedbeefhashitem",
			"harvestcraft:cornedbeefitem",
			"harvestcraft:cornishpastyItem",
			"harvestcraft:cottagepieItem",
			"harvestcraft:cranberryjellysandwichItem",
			"harvestcraft:creepercookieItem",
			"harvestcraft:creeperwingsitem",
			"harvestcraft:croissantItem",
			"harvestcraft:custardItem",
			"harvestcraft:datenutbreadItem",
			"harvestcraft:delightedmealItem",
			"harvestcraft:deluxecheeseburgerItem",
			"harvestcraft:deluxechickencurryItem",
			"harvestcraft:dimsumItem",
			"harvestcraft:durianmuffinitem",
			"harvestcraft:eggnogItem",
			"harvestcraft:eggsaladItem",
			"harvestcraft:epicbaconItem",
			"harvestcraft:extremechiliItem",
			"harvestcraft:figjellysandwichItem",
			"harvestcraft:fishandchipsItem",
			"harvestcraft:fishdinnerItem",
			"harvestcraft:fishlettucewrapItem",
			"harvestcraft:fishsandwichItem",
			"harvestcraft:fishsticksItem",
			"harvestcraft:fishtacoItem",
			"harvestcraft:footlongItem",
			"harvestcraft:frenchtoastItem",
			"harvestcraft:friedchickenItem",
			"harvestcraft:friedpecanokraItem",
			"harvestcraft:friedriceItem",
			"harvestcraft:futomakiItem",
			"harvestcraft:garlicchickenItem",
			"harvestcraft:generaltsochickenItem",
			"harvestcraft:gingerbreadItem",
			"harvestcraft:gingerchickenItem",
			"harvestcraft:gingeredrhubarbtartItem",
			"harvestcraft:gooseberryjellysandwichItem",
			"harvestcraft:grapefruitjellysandwichItem",
			"harvestcraft:hamburgerItem",
			"harvestcraft:hamsweetpicklesandwichItem",
			"harvestcraft:hashItem",
			"harvestcraft:heartybreakfastItem",
			"harvestcraft:honeybunItem",
			"harvestcraft:honeyglazedhamItem",
			"harvestcraft:honeylemonlambItem",
			"harvestcraft:honeysandwichItem",
			"harvestcraft:honeysoyribsItem",
			"harvestcraft:hotandsoursoupItem",
			"harvestcraft:hotdogItem",
			"harvestcraft:hotwingsItem",
			"harvestcraft:hushpuppiesItem",
			"harvestcraft:jaffaItem",
			"harvestcraft:jellyfishrawItem",
			"harvestcraft:kiwijellysandwichItem",
			"harvestcraft:kungpaochickenItem",
			"harvestcraft:lambbarleysoupItem",
			"harvestcraft:lambkebabItem",
			"harvestcraft:lambwithmintsauceItem",
			"harvestcraft:leafychickensandwichItem",
			"harvestcraft:leafyfishsandwichItem",
			"harvestcraft:leekbaconsoupItem",
			"harvestcraft:lemonchickenItem",
			"harvestcraft:lemondrizzlecakeitem",
			"harvestcraft:lemonjellysandwichItem",
			"harvestcraft:limejellysandwichItem",
			"harvestcraft:loadedbakedpotatoItem",
			"harvestcraft:mangojellysandwichItem",
			"harvestcraft:maplecandiedbaconItem",
			"harvestcraft:maplesausageItem",
			"harvestcraft:maplesyruppancakesItem",
			"harvestcraft:maplesyrupwafflesItem",
			"harvestcraft:marzipanItem",
			"harvestcraft:mcpamItem",
			"harvestcraft:meatfeastpizzaItem",
			"harvestcraft:meatloafitem",
			"harvestcraft:meatpieItem",
			"harvestcraft:meatystewItem",
			"harvestcraft:mincepieItem",
			"harvestcraft:montecristosandwichitem",
			"harvestcraft:museliItem",
			"harvestcraft:musselcookeditem",
			"harvestcraft:musselrawitem",
			"harvestcraft:netherwingsitem",
			"harvestcraft:omeletitem",
			"harvestcraft:onionhamburgerItem",
			"harvestcraft:orangechickenItem",
			"harvestcraft:orangejellysandwichItem",
			"harvestcraft:pancakesItem",
			"harvestcraft:papayajellysandwichItem",
			"harvestcraft:pbandjItem",
			"harvestcraft:peaandhamsoupItem",
			"harvestcraft:peachjellysandwichItem",
			"harvestcraft:peanutbuttercookiesItem",
			"harvestcraft:pearjellysandwichItem",
			"harvestcraft:pecanpieItem",
			"harvestcraft:pepperoniItem",
			"harvestcraft:persimmonjellysandwichItem",
			"harvestcraft:pineapplehamItem",
			"harvestcraft:pistachiobakedsalmonItem",
			"harvestcraft:pistachiobutterItem",
			"harvestcraft:pistachioicecreamItem",
			"harvestcraft:pizzaItem",
			"harvestcraft:ploughmanslunchItem",
			"harvestcraft:plumjellysandwichItem",
			"harvestcraft:pomegranatejellysandwichItem",
			"harvestcraft:porklettucewrapItem",
			"harvestcraft:porklomeinItem",
			"harvestcraft:porksausageItem",
			"harvestcraft:potatosaladItem",
			"harvestcraft:potroastItem",
			"harvestcraft:pralinesItem",
			"harvestcraft:pumpkinmuffinItem",
			"harvestcraft:raisincookiesItem",
			"harvestcraft:randomtacoItem",
			"harvestcraft:raspberryjellysandwichItem",
			"harvestcraft:rawtofenisonItem",
			"harvestcraft:roastchickenItem",
			"harvestcraft:roastchickenItem",
			"harvestcraft:roastedchestnutItem",
			"harvestcraft:salmonpattiesItem",
			"harvestcraft:sardinesinhotsauceitem",
			"harvestcraft:sausageItem",
			"harvestcraft:sausageinbreadItem",
			"harvestcraft:sausagerollItem",
			"harvestcraft:scrambledeggItem",
			"harvestcraft:shepardspieItem",
			"harvestcraft:shrimpokrahushpuppiesItem",
			"harvestcraft:snickersbarItem",
			"harvestcraft:spagettiandmeatballsItem",
			"harvestcraft:spicymustardporkItem",
			"harvestcraft:spidereyesoupItem",
			"harvestcraft:splitpeasoupItem",
			"harvestcraft:starfruitjellysandwichItem",
			"harvestcraft:steakandchipsItem",
			"harvestcraft:strawberryjellysandwichItem",
			"harvestcraft:stuffedeggplantItem",
			"harvestcraft:suaderoItem",
			"harvestcraft:sundayroastItem",
			"harvestcraft:sunflowerbroccolisaladItem",
			"harvestcraft:sunflowerwheatrollsItem",
			"harvestcraft:supremepizzaItem",
			"harvestcraft:sushiItem",
			"harvestcraft:sweetandsourchickenItem",
			"harvestcraft:sweetpotatosouffleItem",
			"harvestcraft:tacoItem",
			"harvestcraft:teriyakichickenitem",
			"harvestcraft:toadintheholeItem",
			"harvestcraft:toastedwesternitem",
			"harvestcraft:tunapotatoItem",
			"harvestcraft:turkishdelightitem",
			"harvestcraft:vindalooItem",
			"harvestcraft:wafflesItem",
			"harvestcraft:walnutraisinbreadItem",
			"harvestcraft:watermelonjellysandwichItem",
			"harvestcraft:yorkshirepuddingItem",
			"harvestcraft:zombiejerkyItem",
			"harvestcraft:zucchinibreadItem",
			"harvestcraft:zucchinifriesItem",
			"minecraft:beef",
			"minecraft:cake",
			"minecraft:chicken",
			"minecraft:cooked_beef",
			"minecraft:cooked_chicken",
			"minecraft:cooked_fish:0",
			"minecraft:cooked_fish:1",
			"minecraft:cooked_mutton",
			"minecraft:cooked_porkchop",
			"minecraft:cooked_rabbit",
			"minecraft:fish:0",
			"minecraft:fish:1",
			"minecraft:fish:2",
			"minecraft:fish:3",
			"minecraft:golden_apple:1",
			"minecraft:mutton",
			"minecraft:porkchop",
			"minecraft:pumpkin_pie",
			"minecraft:rabbit",
			"minecraft:rabbit_stew",
			"simplecorn:chickencornchowder"
		]
	}
}