{
	"name": "vegetable",
	"icon": "minecraft:carrot",
	"color": "72dd5a",
	"enabled": true,
	"food": {
		"oredict": [
			"cropSunflower",
			"cropTea",
			"cropTruffle",
			"cropVanillabean",
			"foodGrilledasparagus",
			"foodGrilledeggplant",
			"foodGrilledmushroom",
			"foodStuffedmushroom",
			"foodTea",
			"foodTruffle",
			"foodVanilla",
			"listAllgreenveggie",
			"listAllpepper",
			"listAllveggie"
		],
		"items": [
			"animania:chocolate_truffle",
			"animania:super_omelette",
			"animania:truffle_omelette",
			"animania:truffle_soup",
			"betterwithmods:beef_dinner",
			"betterwithmods:beef_potatoes",
			"betterwithmods:chicken_soup",
			"betterwithmods:cooked_kebab",
			"betterwithmods:cooked_omelet",
			"betterwithmods:hearty_stew",
			"betterwithmods:pork_dinner",
			"betterwithmods:raw_kebab",
			"betterwithmods:raw_omelet",
			"foodexpansion:itembeetrootnoodles",
			"foodexpansion:itemcarrotpie",
			"foodexpansion:itemcarrotseedsoup",
			"foodexpansion:itemcookedmushroom",
			"harvestcraft:anchovypepperonipizzaitem",
			"harvestcraft:asparagusquicheItem",
			"harvestcraft:asparagussoupItem",
			"harvestcraft:baconmushroomburgerItem",
			"harvestcraft:bakedbeansItem",
			"harvestcraft:bakedbeetsItem",
			"harvestcraft:bakedsweetpotatoItem",
			"harvestcraft:bakedturnipsItem",
			"harvestcraft:bamboosteamedriceItem",
			"harvestcraft:bangersandmashItem",
			"harvestcraft:bbqpulledporkItem",
			"harvestcraft:beanburritoItem",
			"harvestcraft:beansandriceItem",
			"harvestcraft:beansontoastItem",
			"harvestcraft:beefwellingtonItem",
			"harvestcraft:beetburgerItem",
			"harvestcraft:beetsaladItem",
			"harvestcraft:beetsoupItem",
			"harvestcraft:bltItem",
			"harvestcraft:braisedonionsItem",
			"harvestcraft:broccolimacItem",
			"harvestcraft:broccolindipItem",
			"harvestcraft:butteredpotatoItem",
			"harvestcraft:cactussoupItem",
			"harvestcraft:californiarollItem",
			"harvestcraft:candiedgingerItem",
			"harvestcraft:candiedsweetpotatoesItem",
			"harvestcraft:candiedwalnutsItem",
			"harvestcraft:carrotjuiceItem",
			"harvestcraft:carrotsoupItem",
			"harvestcraft:cashewchickenItem",
			"harvestcraft:ceasarsaladItem",
			"harvestcraft:celeryandpeanutbutterItem",
			"harvestcraft:celerysoupItem",
			"harvestcraft:chaiteaItem",
			"harvestcraft:charsiuItem",
			"harvestcraft:chickencelerycasseroleItem",
			"harvestcraft:chickenchowmeinItem",
			"harvestcraft:chickencurryItem",
			"harvestcraft:chickengumboItem",
			"harvestcraft:chickenparmasanItem",
			"harvestcraft:chickenpotpieItem",
			"harvestcraft:chikorollItem",
			"harvestcraft:chiliItem",
			"harvestcraft:chilichocolateItem",
			"harvestcraft:chilipoppersItem",
			"harvestcraft:chorizoItem",
			"harvestcraft:citrussaladItem",
			"harvestcraft:coconutshrimpItem",
			"harvestcraft:colasodaItem",
			"harvestcraft:coleslawItem",
			"harvestcraft:coleslawburgerItem",
			"harvestcraft:cookedtofabbitItem",
			"harvestcraft:cookedtofaconItem",
			"harvestcraft:cookedtofeakItem",
			"harvestcraft:cookedtofeakItem",
			"harvestcraft:cookedtofeegItem",
			"harvestcraft:cookedtofenisonItem",
			"harvestcraft:cookedtofickenItem",
			"harvestcraft:cookedtofishItem",
			"harvestcraft:cookedtofurkeyItem",
			"harvestcraft:cookedtofuttonItem",
			"harvestcraft:cornbreadItem",
			"harvestcraft:cornedbeefhashitem",
			"harvestcraft:cornedbeefitem",
			"harvestcraft:cornflakesItem",
			"harvestcraft:cornishpastyItem",
			"harvestcraft:cornonthecobItem",
			"harvestcraft:cottagepieItem",
			"harvestcraft:cranberryjellysandwichItem",
			"harvestcraft:creamedbroccolisoupItem",
			"harvestcraft:creamedcornItem",
			"harvestcraft:creamofavocadosoupItem",
			"harvestcraft:creeperwingsitem",
			"harvestcraft:cucumbersaladItem",
			"harvestcraft:cucumbersoupItem",
			"harvestcraft:curryItem",
			"harvestcraft:delightedmealItem",
			"harvestcraft:deluxecheeseburgerItem",
			"harvestcraft:deluxechickencurryItem",
			"harvestcraft:dhalitem",
			"harvestcraft:dimsumItem",
			"harvestcraft:ediblerootItem",
			"harvestcraft:eggplantparmItem",
			"harvestcraft:extremechiliItem",
			"harvestcraft:fishandchipsItem",
			"harvestcraft:fishlettucewrapItem",
			"harvestcraft:fishtacoItem",
			"harvestcraft:footlongItem",
			"harvestcraft:friedchickenItem",
			"harvestcraft:friedonionsItem",
			"harvestcraft:friedpecanokraItem",
			"harvestcraft:friedriceItem",
			"harvestcraft:friesItem",
			"harvestcraft:futomakiItem",
			"harvestcraft:gardensoupItem",
			"harvestcraft:garlicItem",
			"harvestcraft:garlicchickenItem",
			"harvestcraft:garlicmashedpotatoesItem",
			"harvestcraft:generaltsochickenItem",
			"harvestcraft:gherkinItem",
			"harvestcraft:gingerItem",
			"harvestcraft:gingerbreadItem",
			"harvestcraft:gingerchickenItem",
			"harvestcraft:gingeredrhubarbtartItem",
			"harvestcraft:gingersnapsItem",
			"harvestcraft:gingersodaItem",
			"harvestcraft:glazedcarrotsItem",
			"harvestcraft:grilledskewersItem",
			"harvestcraft:guacamoleItem",
			"harvestcraft:hamsweetpicklesandwichItem",
			"harvestcraft:hashItem",
			"harvestcraft:heartybreakfastItem",
			"harvestcraft:herbbutterparsnipsItem",
			"harvestcraft:homestylelunchitem",
			"harvestcraft:honeyglazedcarrotsItem",
			"harvestcraft:honeysoyribsItem",
			"harvestcraft:hotandsoursoupItem",
			"harvestcraft:hotwingsItem",
			"harvestcraft:hummusitem",
			"harvestcraft:hushpuppiesItem",
			"harvestcraft:ironbrewitem",
			"harvestcraft:kimchiItem",
			"harvestcraft:kungpaochickenItem",
			"harvestcraft:lambbarleysoupItem",
			"harvestcraft:lambkebabItem",
			"harvestcraft:lambwithmintsauceItem",
			"harvestcraft:lasagnaitem",
			"harvestcraft:leafychickensandwichItem",
			"harvestcraft:leafyfishsandwichItem",
			"harvestcraft:leekbaconsoupItem",
			"harvestcraft:loadedbakedpotatoItem",
			"harvestcraft:mangochutneyItem",
			"harvestcraft:manjuuItem",
			"harvestcraft:maplesausageItem",
			"harvestcraft:marinatedcucumbersItem",
			"harvestcraft:mashedpotatoesItem",
			"harvestcraft:mashedsweetpotatoesItem",
			"harvestcraft:mcpamItem",
			"harvestcraft:meatfeastpizzaItem",
			"harvestcraft:meatloafitem",
			"harvestcraft:meatpieItem",
			"harvestcraft:mintchocolatechipicecreamItem",
			"harvestcraft:mixedsaladItem",
			"harvestcraft:mushroomlasagnaitem",
			"harvestcraft:mushroomrisottoItem",
			"harvestcraft:naanItem",
			"harvestcraft:netherwingsitem",
			"harvestcraft:okrachipsItem",
			"harvestcraft:okracreoleItem",
			"harvestcraft:oldworldveggiesoupItem",
			"harvestcraft:omeletitem",
			"harvestcraft:onionhamburgerItem",
			"harvestcraft:onionsoupItem",
			"harvestcraft:orangechickenItem",
			"harvestcraft:ovenroastedcauliflowerItem",
			"harvestcraft:paneertikkamasalaItem",
			"harvestcraft:peaandhamsoupItem",
			"harvestcraft:peasandceleryItem",
			"harvestcraft:pepperoniItem",
			"harvestcraft:pickledbeetsItem",
			"harvestcraft:pickledonionsItem",
			"harvestcraft:picklesItem",
			"harvestcraft:pizzaItem",
			"harvestcraft:pizzasoupitem",
			"harvestcraft:ploughmanslunchItem",
			"harvestcraft:poachedpearItem",
			"harvestcraft:popcornItem",
			"harvestcraft:porklettucewrapItem",
			"harvestcraft:porklomeinItem",
			"harvestcraft:potatoandcheesepirogiItem",
			"harvestcraft:potatoandleeksoupItem",
			"harvestcraft:potatocakesItem",
			"harvestcraft:potatosaladItem",
			"harvestcraft:potatosoupItem",
			"harvestcraft:potroastItem",
			"harvestcraft:poutineitem",
			"harvestcraft:randomtacoItem",
			"harvestcraft:raspberryicedteaItem",
			"harvestcraft:raspberrytrifleItem",
			"harvestcraft:rawtofabbitItem",
			"harvestcraft:rawtofaconItem",
			"harvestcraft:rawtofeakItem",
			"harvestcraft:rawtofeakItem",
			"harvestcraft:rawtofeegItem",
			"harvestcraft:rawtofenisonItem",
			"harvestcraft:rawtofickenItem",
			"harvestcraft:rawtofishItem",
			"harvestcraft:rawtofurkeyItem",
			"harvestcraft:rawtofuttonItem",
			"harvestcraft:refriedbeansItem",
			"harvestcraft:roastedrootveggiemedleyItem",
			"harvestcraft:roastpotatoesItem",
			"harvestcraft:roastpotatoesItem",
			"harvestcraft:rootbeersodaItem",
			"harvestcraft:salmonpattiesItem",
			"harvestcraft:salsaitem",
			"harvestcraft:saltedsunflowerseedsItem",
			"harvestcraft:sardinesinhotsauceitem",
			"harvestcraft:sausageinbreadItem",
			"harvestcraft:scallionbakedpotatoItem",
			"harvestcraft:sesameballItem",
			"harvestcraft:shepardspieItem",
			"harvestcraft:shrimpokrahushpuppiesItem",
			"harvestcraft:spagettiItem",
			"harvestcraft:spagettiandmeatballsItem",
			"harvestcraft:spicygreensItem",
			"harvestcraft:spinachpieItem",
			"harvestcraft:splitpeasoupItem",
			"harvestcraft:springsaladItem",
			"harvestcraft:steakandchipsItem",
			"harvestcraft:steamedpeasItem",
			"harvestcraft:steamedspinachItem",
			"harvestcraft:stuffedeggplantItem",
			"harvestcraft:stuffedmushroomItem",
			"harvestcraft:stuffedpepperItem",
			"harvestcraft:suaderoItem",
			"harvestcraft:summerradishsaladItem",
			"harvestcraft:summersquashwithradishItem",
			"harvestcraft:sundayroastItem",
			"harvestcraft:sunflowerbroccolisaladItem",
			"harvestcraft:supremepizzaItem",
			"harvestcraft:sushiItem",
			"harvestcraft:sweetandsourchickenItem",
			"harvestcraft:sweetpickleItem",
			"harvestcraft:sweetpotatopieItem",
			"harvestcraft:sweetpotatosouffleItem",
			"harvestcraft:sweetteaItem",
			"harvestcraft:tacoItem",
			"harvestcraft:teriyakichickenitem",
			"harvestcraft:toastedwesternitem",
			"harvestcraft:tomatoItem",
			"harvestcraft:tomatosoupItem",
			"harvestcraft:tunapotatoItem",
			"harvestcraft:turkishdelightitem",
			"harvestcraft:turnipsoupItem",
			"harvestcraft:vegemiteItem",
			"harvestcraft:vegemiteontoastItem",
			"harvestcraft:vegetablesoupItem",
			"harvestcraft:vegetarianlettucewrapItem",
			"harvestcraft:veggiestirfryItem",
			"harvestcraft:veggiestripsItem",
			"harvestcraft:vindalooItem",
			"harvestcraft:zeppoleItem",
			"harvestcraft:zestyzucchiniItem",
			"harvestcraft:zucchinibakeItem",
			"harvestcraft:zucchinibreadItem",
			"harvestcraft:zucchinifriesItem",
			"minecraft:baked_potato",
			"minecraft:beetroot",
			"minecraft:beetroot_soup",
			"minecraft:carrot",
			"minecraft:golden_apple:1",
			"minecraft:golden_carrot",
			"minecraft:mushroom_stew",
			"minecraft:poisonous_potato",
			"minecraft:potato",
			"minecraft:rabbit_stew"
		]
	}
}